audit_id,employee_id,regulation_id,check_date,result,violation_details
AUD000000,EMP004843,REG000117,2024-02-01,pass,
AUD000001,EMP001156,REG000415,2024-12-20,pass,
AUD000002,EMP002983,REG001615,2024-05-22,pass,
AUD000003,EMP000424,REG000622,2024-12-08,pass,
AUD000004,EMP002769,REG001176,2024-03-11,fail,Violation in Payroll Reporting
AUD000005,EMP005608,REG000970,2024-08-18,fail,Violation in Overtime Pay
AUD000006,EMP005970,REG001307,2024-07-01,fail,Violation in Income Tax
AUD000007,EMP003518,REG002767,2023-10-23,pass,
AUD000008,EMP003809,REG000342,2024-09-28,fail,Violation in Income Tax
AUD000009,EMP003895,REG001599,2025-01-27,fail,Violation in Employee Benefits
AUD000010,EMP002444,REG001479,2024-06-19,pass,
AUD000011,EMP001724,REG000530,2024-05-24,fail,Violation in Employee Benefits
AUD000012,EMP004219,REG000905,2024-04-15,pass,
AUD000013,EMP000979,REG000404,2024-07-23,fail,Violation in Social Security
AUD000014,EMP006570,REG001684,2024-11-02,fail,Violation in Employee Benefits
AUD000015,EMP001479,REG000117,2023-08-17,fail,Violation in Minimum Wage
AUD000016,EMP003071,REG001594,2025-02-09,pass,
AUD000017,EMP001333,REG000440,2025-03-28,fail,Violation in Employee Benefits
AUD000018,EMP006639,REG002693,2025-01-30,fail,Violation in Overtime Pay
AUD000019,EMP006768,REG001794,2024-09-02,fail,Violation in Payroll Reporting
AUD000020,EMP000006,REG000808,2024-11-19,fail,Violation in Payroll Reporting
AUD000021,EMP006748,REG001349,2023-08-03,fail,Violation in Social Security
AUD000022,EMP000112,REG001770,2024-05-14,pass,
AUD000023,EMP005957,REG002264,2025-03-01,pass,
AUD000024,EMP003789,REG000829,2024-04-16,pass,
AUD000025,EMP004591,REG002672,2024-08-18,fail,Violation in Employee Benefits
AUD000026,EMP006403,REG002759,2023-09-25,pass,
AUD000027,EMP004751,REG000756,2024-11-01,fail,Violation in Overtime Pay
AUD000028,EMP003179,REG002593,2024-01-20,pass,
AUD000029,EMP000802,REG000147,2024-06-01,fail,Violation in Employee Benefits
AUD000030,EMP005180,REG001650,2024-01-09,pass,
AUD000031,EMP004343,REG001744,2024-03-19,fail,Violation in Payroll Reporting
AUD000032,EMP002552,REG000945,2024-06-01,pass,
AUD000033,EMP002572,REG000796,2024-11-25,pass,
AUD000034,EMP006117,REG002176,2024-07-29,pass,
AUD000035,EMP002085,REG000506,2024-04-18,fail,Violation in Employee Benefits
AUD000036,EMP006790,REG001083,2024-06-24,fail,Violation in Income Tax
AUD000037,EMP000146,REG002325,2025-04-25,pass,
AUD000038,EMP004068,REG001267,2024-02-21,pass,
AUD000039,EMP000239,REG000276,2024-09-12,fail,Violation in Overtime Pay
AUD000040,EMP000433,REG000909,2024-06-20,fail,Violation in Minimum Wage
AUD000041,EMP006585,REG000025,2024-11-23,fail,Violation in Social Security
AUD000042,EMP004670,REG002983,2024-01-26,pass,
AUD000043,EMP004932,REG002417,2023-12-08,fail,Violation in Minimum Wage
AUD000044,EMP006014,REG002930,2024-03-15,pass,
AUD000045,EMP000386,REG001297,2025-03-23,fail,Violation in Overtime Pay
AUD000046,EMP004798,REG000521,2024-06-26,fail,Violation in Payroll Reporting
AUD000047,EMP006326,REG002756,2023-11-13,pass,
AUD000048,EMP006071,REG001952,2024-07-03,fail,Violation in Overtime Pay
AUD000049,EMP001398,REG001373,2023-08-22,fail,Violation in Social Security
AUD000050,EMP004282,REG001678,2024-08-22,pass,
AUD000051,EMP002525,REG000559,2024-04-11,fail,Violation in Employee Benefits
AUD000052,EMP004091,REG000557,2024-02-13,fail,Violation in Income Tax
AUD000053,EMP000051,REG002713,2025-02-14,fail,Violation in Income Tax
AUD000054,EMP003997,REG001669,2024-10-04,pass,
AUD000055,EMP002648,REG001874,2024-09-08,pass,
AUD000056,EMP001096,REG002749,2023-09-21,pass,
AUD000057,EMP005290,REG000984,2025-03-07,fail,Violation in Social Security
AUD000058,EMP005176,REG002820,2024-08-04,pass,
AUD000059,EMP005149,REG000318,2024-04-12,fail,Violation in Social Security
AUD000060,EMP004543,REG002937,2024-02-09,fail,Violation in Minimum Wage
AUD000061,EMP005523,REG000080,2023-11-02,fail,Violation in Payroll Reporting
AUD000062,EMP005724,REG002412,2024-05-15,fail,Violation in Overtime Pay
AUD000063,EMP005649,REG001375,2023-11-14,pass,
AUD000064,EMP000093,REG001601,2024-10-11,fail,Violation in Minimum Wage
AUD000065,EMP006344,REG000568,2023-08-02,fail,Violation in Employee Benefits
AUD000066,EMP000839,REG001817,2024-03-05,pass,
AUD000067,EMP006284,REG002528,2023-12-11,fail,Violation in Income Tax
AUD000068,EMP001135,REG002476,2025-01-30,fail,Violation in Payroll Reporting
AUD000069,EMP004016,REG002303,2023-12-26,fail,Violation in Minimum Wage
AUD000070,EMP000839,REG002311,2023-09-26,fail,Violation in Employee Benefits
AUD000071,EMP001982,REG002428,2023-11-13,fail,Violation in Income Tax
AUD000072,EMP003343,REG002075,2024-04-03,fail,Violation in Social Security
AUD000073,EMP004553,REG001705,2023-10-16,fail,Violation in Employee Benefits
AUD000074,EMP001687,REG002360,2024-11-21,pass,
AUD000075,EMP003095,REG001521,2025-05-19,pass,
AUD000076,EMP003252,REG000340,2024-09-18,pass,
AUD000077,EMP000773,REG001975,2023-09-17,fail,Violation in Income Tax
AUD000078,EMP004814,REG001769,2024-05-24,pass,
AUD000079,EMP002545,REG000438,2024-03-31,fail,Violation in Minimum Wage
AUD000080,EMP000963,REG002162,2025-02-26,fail,Violation in Employee Benefits
AUD000081,EMP002464,REG002643,2025-05-16,pass,
AUD000082,EMP002576,REG002353,2023-06-23,pass,
AUD000083,EMP002235,REG001030,2024-10-01,pass,
AUD000084,EMP002659,REG000467,2024-05-24,pass,
AUD000085,EMP001004,REG000437,2025-05-02,pass,
AUD000086,EMP001356,REG002704,2023-07-30,pass,
AUD000087,EMP005682,REG000566,2023-11-19,fail,Violation in Income Tax
AUD000088,EMP004682,REG000273,2023-07-22,fail,Violation in Payroll Reporting
AUD000089,EMP000627,REG000210,2024-01-14,pass,
AUD000090,EMP000735,REG000695,2023-08-26,pass,
AUD000091,EMP006607,REG000437,2023-05-28,fail,Violation in Social Security
AUD000092,EMP006653,REG001423,2024-10-16,fail,Violation in Employee Benefits
AUD000093,EMP002115,REG002673,2024-09-01,pass,
AUD000094,EMP002566,REG002514,2023-09-06,fail,Violation in Minimum Wage
AUD000095,EMP000790,REG001399,2023-11-04,pass,
AUD000096,EMP001546,REG002386,2025-03-23,pass,
AUD000097,EMP001524,REG000356,2024-05-29,pass,
AUD000098,EMP002109,REG001588,2024-08-20,pass,
AUD000099,EMP002151,REG002530,2023-09-23,pass,
AUD000100,EMP004169,REG000139,2024-08-13,fail,Violation in Minimum Wage
AUD000101,EMP000353,REG000956,2024-02-09,fail,Violation in Employee Benefits
AUD000102,EMP004238,REG001680,2024-02-13,fail,Violation in Income Tax
AUD000103,EMP002205,REG000962,2025-02-08,fail,Violation in Payroll Reporting
AUD000104,EMP005684,REG001449,2025-03-27,pass,
AUD000105,EMP002703,REG001352,2025-02-23,pass,
AUD000106,EMP005544,REG001526,2023-10-21,fail,Violation in Employee Benefits
AUD000107,EMP000497,REG000888,2023-07-15,fail,Violation in Employee Benefits
AUD000108,EMP005116,REG000574,2024-09-06,fail,Violation in Overtime Pay
AUD000109,EMP006749,REG001480,2024-02-10,fail,Violation in Income Tax
AUD000110,EMP003323,REG002227,2024-06-17,pass,
AUD000111,EMP000012,REG002606,2023-10-03,pass,
AUD000112,EMP004683,REG002422,2025-03-08,pass,
AUD000113,EMP001077,REG001377,2024-10-25,pass,
AUD000114,EMP005899,REG002586,2025-03-17,fail,Violation in Payroll Reporting
AUD000115,EMP000208,REG002685,2024-03-11,fail,Violation in Income Tax
AUD000116,EMP005671,REG001231,2025-04-06,pass,
AUD000117,EMP006781,REG001572,2025-01-27,fail,Violation in Overtime Pay
AUD000118,EMP002870,REG001171,2025-05-10,fail,Violation in Income Tax
AUD000119,EMP002948,REG000241,2024-03-16,pass,
AUD000120,EMP004665,REG000077,2024-01-24,pass,
AUD000121,EMP004207,REG001604,2025-03-05,fail,Violation in Employee Benefits
AUD000122,EMP005738,REG002678,2024-06-24,pass,
AUD000123,EMP001133,REG002599,2024-10-03,fail,Violation in Minimum Wage
AUD000124,EMP002281,REG000005,2023-06-09,pass,
AUD000125,EMP003692,REG002738,2023-10-24,pass,
AUD000126,EMP003439,REG000704,2023-09-26,fail,Violation in Income Tax
AUD000127,EMP004523,REG001625,2023-07-13,fail,Violation in Overtime Pay
AUD000128,EMP000891,REG001370,2023-10-14,fail,Violation in Employee Benefits
AUD000129,EMP004910,REG000214,2023-08-03,fail,Violation in Employee Benefits
AUD000130,EMP002345,REG002414,2025-02-08,fail,Violation in Payroll Reporting
AUD000131,EMP000671,REG001838,2024-01-05,pass,
AUD000132,EMP004018,REG002882,2024-01-21,pass,
AUD000133,EMP003283,REG000107,2024-07-02,fail,Violation in Minimum Wage
AUD000134,EMP000172,REG002892,2023-09-08,pass,
AUD000135,EMP002040,REG002724,2024-01-12,pass,
AUD000136,EMP000093,REG000083,2024-11-21,pass,
AUD000137,EMP005586,REG000890,2024-01-13,fail,Violation in Social Security
AUD000138,EMP004393,REG000040,2024-03-01,fail,Violation in Minimum Wage
AUD000139,EMP005225,REG002225,2025-02-09,pass,
AUD000140,EMP005127,REG001281,2025-05-26,fail,Violation in Minimum Wage
AUD000141,EMP002572,REG001525,2023-10-23,pass,
AUD000142,EMP000039,REG000683,2023-09-20,pass,
AUD000143,EMP001482,REG000907,2024-07-07,pass,
AUD000144,EMP001046,REG002459,2024-06-20,pass,
AUD000145,EMP003266,REG000084,2024-11-10,pass,
AUD000146,EMP006511,REG001849,2024-11-07,pass,
AUD000147,EMP006337,REG000896,2023-08-19,pass,
AUD000148,EMP001864,REG000874,2024-09-23,fail,Violation in Employee Benefits
AUD000149,EMP001176,REG001333,2025-03-08,fail,Violation in Overtime Pay
AUD000150,EMP002122,REG000776,2024-10-11,fail,Violation in Minimum Wage
AUD000151,EMP000584,REG001966,2024-05-15,pass,
AUD000152,EMP004225,REG001063,2023-12-21,pass,
AUD000153,EMP002083,REG002816,2025-04-16,fail,Violation in Income Tax
AUD000154,EMP004439,REG000868,2025-03-09,pass,
AUD000155,EMP001758,REG000972,2024-06-14,pass,
AUD000156,EMP001445,REG002672,2023-05-31,fail,Violation in Employee Benefits
AUD000157,EMP003481,REG001923,2024-06-04,pass,
AUD000158,EMP004929,REG002549,2023-06-20,pass,
AUD000159,EMP000371,REG002404,2023-09-11,pass,
AUD000160,EMP006275,REG002418,2023-11-18,fail,Violation in Social Security
AUD000161,EMP001612,REG000714,2025-01-23,pass,
AUD000162,EMP001965,REG001152,2024-01-29,fail,Violation in Minimum Wage
AUD000163,EMP006166,REG001573,2023-07-07,pass,
AUD000164,EMP000660,REG001271,2024-09-27,fail,Violation in Social Security
AUD000165,EMP005423,REG002050,2024-06-12,fail,Violation in Employee Benefits
AUD000166,EMP002108,REG002367,2024-07-25,pass,
AUD000167,EMP001264,REG002412,2024-04-30,pass,
AUD000168,EMP005852,REG000264,2023-12-25,fail,Violation in Income Tax
AUD000169,EMP004226,REG002911,2024-01-03,fail,Violation in Employee Benefits
AUD000170,EMP006571,REG001539,2025-02-02,fail,Violation in Social Security
AUD000171,EMP001354,REG001047,2023-06-10,fail,Violation in Payroll Reporting
AUD000172,EMP005024,REG002287,2024-03-08,pass,
AUD000173,EMP000260,REG001153,2025-05-22,fail,Violation in Employee Benefits
AUD000174,EMP002073,REG002429,2024-02-24,fail,Violation in Minimum Wage
AUD000175,EMP005306,REG000264,2024-05-03,pass,
AUD000176,EMP006416,REG002275,2023-11-12,fail,Violation in Social Security
AUD000177,EMP006935,REG001085,2023-11-19,pass,
AUD000178,EMP006014,REG000296,2023-08-08,pass,
AUD000179,EMP003278,REG000021,2024-12-11,pass,
AUD000180,EMP000016,REG002299,2024-05-13,fail,Violation in Employee Benefits
AUD000181,EMP001992,REG002336,2024-03-10,fail,Violation in Employee Benefits
AUD000182,EMP003956,REG002009,2025-05-01,fail,Violation in Minimum Wage
AUD000183,EMP004764,REG002740,2024-09-23,fail,Violation in Payroll Reporting
AUD000184,EMP003985,REG000493,2023-09-30,fail,Violation in Minimum Wage
AUD000185,EMP003832,REG001137,2024-01-02,pass,
AUD000186,EMP001905,REG001698,2024-11-05,pass,
AUD000187,EMP004108,REG001053,2023-09-12,fail,Violation in Employee Benefits
AUD000188,EMP006273,REG002803,2024-01-24,pass,
AUD000189,EMP001510,REG001251,2023-11-15,fail,Violation in Minimum Wage
AUD000190,EMP006400,REG000269,2024-06-27,fail,Violation in Minimum Wage
AUD000191,EMP003578,REG002755,2024-05-05,fail,Violation in Payroll Reporting
AUD000192,EMP005562,REG002314,2023-07-14,fail,Violation in Social Security
AUD000193,EMP006242,REG000559,2024-03-18,pass,
AUD000194,EMP003795,REG002708,2024-07-18,pass,
AUD000195,EMP001256,REG000228,2024-07-09,fail,Violation in Payroll Reporting
AUD000196,EMP004961,REG001953,2023-10-28,pass,
AUD000197,EMP002292,REG002568,2024-11-02,pass,
AUD000198,EMP004705,REG002920,2024-10-23,fail,Violation in Income Tax
AUD000199,EMP001296,REG000814,2024-06-27,fail,Violation in Social Security
AUD000200,EMP005382,REG000597,2024-11-09,fail,Violation in Employee Benefits
AUD000201,EMP002684,REG001999,2024-08-05,pass,
AUD000202,EMP003685,REG001241,2025-03-29,fail,Violation in Income Tax
AUD000203,EMP001238,REG000259,2025-05-11,pass,
AUD000204,EMP003898,REG000094,2025-02-09,pass,
AUD000205,EMP000920,REG002443,2023-08-23,fail,Violation in Minimum Wage
AUD000206,EMP005226,REG001695,2024-04-08,fail,Violation in Employee Benefits
AUD000207,EMP005681,REG002264,2025-03-22,fail,Violation in Overtime Pay
AUD000208,EMP003765,REG001728,2024-07-01,fail,Violation in Income Tax
AUD000209,EMP002029,REG002095,2024-04-30,pass,
AUD000210,EMP000353,REG002097,2025-03-28,fail,Violation in Payroll Reporting
AUD000211,EMP005861,REG001523,2024-07-10,fail,Violation in Payroll Reporting
AUD000212,EMP002133,REG002867,2024-09-27,pass,
AUD000213,EMP006434,REG002339,2024-10-12,pass,
AUD000214,EMP005742,REG001934,2023-07-01,fail,Violation in Payroll Reporting
AUD000215,EMP005143,REG002293,2025-01-26,pass,
AUD000216,EMP001925,REG000134,2023-09-03,pass,
AUD000217,EMP002345,REG000652,2024-11-05,pass,
AUD000218,EMP005525,REG000014,2023-11-24,pass,
AUD000219,EMP004588,REG001200,2024-07-10,pass,
AUD000220,EMP002479,REG000578,2023-10-25,fail,Violation in Payroll Reporting
AUD000221,EMP006597,REG000576,2023-09-11,fail,Violation in Minimum Wage
AUD000222,EMP005790,REG001554,2024-03-08,pass,
AUD000223,EMP006626,REG000983,2023-10-08,pass,
AUD000224,EMP000448,REG001206,2024-02-14,pass,
AUD000225,EMP001559,REG001931,2023-09-18,fail,Violation in Payroll Reporting
AUD000226,EMP001685,REG000557,2025-01-04,pass,
AUD000227,EMP003612,REG001108,2024-12-17,pass,
AUD000228,EMP001237,REG002109,2025-02-23,pass,
AUD000229,EMP006510,REG001383,2023-10-04,pass,
AUD000230,EMP006317,REG002658,2023-10-06,fail,Violation in Social Security
AUD000231,EMP005748,REG001873,2024-04-05,fail,Violation in Employee Benefits
AUD000232,EMP001870,REG000671,2024-12-14,pass,
AUD000233,EMP005260,REG002714,2023-07-17,pass,
AUD000234,EMP006828,REG002538,2024-08-03,pass,
AUD000235,EMP005094,REG002749,2025-05-04,pass,
AUD000236,EMP004275,REG001142,2023-09-18,fail,Violation in Income Tax
AUD000237,EMP001725,REG000510,2024-08-29,pass,
AUD000238,EMP003436,REG000919,2023-09-29,pass,
AUD000239,EMP002264,REG002081,2023-07-17,fail,Violation in Employee Benefits
AUD000240,EMP004602,REG001994,2023-12-31,pass,
AUD000241,EMP000330,REG001021,2024-11-04,pass,
AUD000242,EMP006976,REG001950,2024-02-11,pass,
AUD000243,EMP004681,REG001505,2023-08-24,fail,Violation in Minimum Wage
AUD000244,EMP003929,REG000221,2024-08-12,fail,Violation in Income Tax
AUD000245,EMP005316,REG001844,2024-07-03,fail,Violation in Minimum Wage
AUD000246,EMP006936,REG001324,2023-09-27,fail,Violation in Income Tax
AUD000247,EMP006761,REG001441,2024-08-25,pass,
AUD000248,EMP000983,REG002603,2024-07-28,fail,Violation in Minimum Wage
AUD000249,EMP000670,REG000184,2025-03-14,pass,
AUD000250,EMP002810,REG001336,2024-07-16,pass,
AUD000251,EMP003607,REG000893,2023-11-05,fail,Violation in Social Security
AUD000252,EMP002738,REG002422,2023-12-20,pass,
AUD000253,EMP000120,REG000515,2023-12-01,pass,
AUD000254,EMP004304,REG002469,2023-06-01,pass,
AUD000255,EMP002764,REG002533,2023-08-01,fail,Violation in Overtime Pay
AUD000256,EMP001437,REG001181,2023-12-09,pass,
AUD000257,EMP001074,REG000798,2024-05-15,fail,Violation in Income Tax
AUD000258,EMP006573,REG000810,2023-09-16,fail,Violation in Minimum Wage
AUD000259,EMP005663,REG002058,2024-08-28,pass,
AUD000260,EMP000939,REG001578,2024-04-10,pass,
AUD000261,EMP003990,REG000806,2023-07-04,pass,
AUD000262,EMP000565,REG000614,2023-11-28,fail,Violation in Employee Benefits
AUD000263,EMP001815,REG001448,2024-04-10,pass,
AUD000264,EMP005965,REG002123,2024-04-04,fail,Violation in Payroll Reporting
AUD000265,EMP001915,REG002628,2024-11-14,pass,
AUD000266,EMP003423,REG002521,2024-07-26,fail,Violation in Social Security
AUD000267,EMP006202,REG001850,2024-12-22,fail,Violation in Minimum Wage
AUD000268,EMP001080,REG002463,2023-11-24,fail,Violation in Income Tax
AUD000269,EMP003818,REG000531,2023-12-25,fail,Violation in Minimum Wage
AUD000270,EMP003337,REG000113,2024-01-23,fail,Violation in Social Security
AUD000271,EMP001545,REG001481,2023-09-03,fail,Violation in Minimum Wage
AUD000272,EMP005986,REG001887,2024-02-15,fail,Violation in Payroll Reporting
AUD000273,EMP002346,REG000295,2024-07-15,fail,Violation in Minimum Wage
AUD000274,EMP006491,REG002875,2024-07-13,pass,
AUD000275,EMP002126,REG002982,2024-12-11,fail,Violation in Minimum Wage
AUD000276,EMP006400,REG002994,2023-12-25,fail,Violation in Employee Benefits
AUD000277,EMP000768,REG002155,2024-11-15,fail,Violation in Minimum Wage
AUD000278,EMP006198,REG002087,2024-12-30,pass,
AUD000279,EMP005031,REG000673,2024-09-10,pass,
AUD000280,EMP006252,REG002786,2024-08-03,fail,Violation in Employee Benefits
AUD000281,EMP006159,REG001165,2024-01-29,fail,Violation in Payroll Reporting
AUD000282,EMP006295,REG000069,2024-05-23,fail,Violation in Employee Benefits
AUD000283,EMP001977,REG002884,2024-03-13,pass,
AUD000284,EMP004454,REG000355,2025-03-13,pass,
AUD000285,EMP006406,REG000079,2025-01-30,pass,
AUD000286,EMP000261,REG002298,2024-11-09,fail,Violation in Employee Benefits
AUD000287,EMP004427,REG001103,2024-10-20,pass,
AUD000288,EMP006851,REG002475,2024-05-14,pass,
AUD000289,EMP006000,REG002135,2024-05-23,pass,
AUD000290,EMP003904,REG001456,2023-07-04,pass,
AUD000291,EMP004807,REG002834,2024-12-03,fail,Violation in Minimum Wage
AUD000292,EMP005561,REG000286,2024-02-08,pass,
AUD000293,EMP001502,REG000976,2023-07-07,fail,Violation in Employee Benefits
AUD000294,EMP000463,REG002459,2023-10-25,pass,
AUD000295,EMP005115,REG000948,2023-10-10,pass,
AUD000296,EMP005119,REG000805,2023-12-21,pass,
AUD000297,EMP003889,REG001307,2024-04-16,fail,Violation in Income Tax
AUD000298,EMP003024,REG001346,2023-05-28,fail,Violation in Employee Benefits
AUD000299,EMP005951,REG001349,2025-03-11,fail,Violation in Social Security
AUD000300,EMP003950,REG000751,2023-11-05,fail,Violation in Overtime Pay
AUD000301,EMP004249,REG002469,2025-01-04,pass,
AUD000302,EMP002377,REG001417,2024-11-09,fail,Violation in Payroll Reporting
AUD000303,EMP006688,REG002502,2023-08-02,pass,
AUD000304,EMP003732,REG001790,2025-05-15,pass,
AUD000305,EMP003342,REG001970,2024-05-31,fail,Violation in Minimum Wage
AUD000306,EMP003681,REG001538,2024-06-11,pass,
AUD000307,EMP000047,REG002075,2024-01-01,pass,
AUD000308,EMP001791,REG002271,2024-08-22,fail,Violation in Income Tax
AUD000309,EMP004991,REG002800,2024-04-12,pass,
AUD000310,EMP001565,REG002154,2025-01-05,fail,Violation in Income Tax
AUD000311,EMP000699,REG002949,2024-09-09,pass,
AUD000312,EMP002598,REG001104,2025-01-16,pass,
AUD000313,EMP004461,REG002508,2023-07-17,fail,Violation in Social Security
AUD000314,EMP004618,REG000125,2025-05-17,pass,
AUD000315,EMP001448,REG002511,2024-09-13,pass,
AUD000316,EMP001443,REG000514,2023-10-17,pass,
AUD000317,EMP003324,REG000999,2025-02-02,fail,Violation in Social Security
AUD000318,EMP006537,REG002955,2024-09-11,pass,
AUD000319,EMP002992,REG002335,2025-01-05,fail,Violation in Employee Benefits
AUD000320,EMP000614,REG000195,2023-11-02,pass,
AUD000321,EMP003184,REG000880,2023-07-27,pass,
AUD000322,EMP005811,REG001623,2024-08-23,pass,
AUD000323,EMP004979,REG000914,2024-12-05,pass,
AUD000324,EMP002596,REG002187,2024-08-14,pass,
AUD000325,EMP006528,REG002692,2024-04-19,fail,Violation in Social Security
AUD000326,EMP002380,REG001350,2024-08-07,fail,Violation in Social Security
AUD000327,EMP005508,REG000966,2024-01-02,pass,
AUD000328,EMP004096,REG001264,2025-02-07,pass,
AUD000329,EMP005930,REG000474,2024-11-16,pass,
AUD000330,EMP002906,REG000697,2024-11-19,pass,
AUD000331,EMP000353,REG001396,2023-11-20,pass,
AUD000332,EMP001525,REG000222,2024-07-31,pass,
AUD000333,EMP004430,REG000838,2024-08-18,pass,
AUD000334,EMP001257,REG001749,2024-05-09,fail,Violation in Overtime Pay
AUD000335,EMP005061,REG001940,2024-09-04,fail,Violation in Social Security
AUD000336,EMP003531,REG002180,2023-11-25,pass,
AUD000337,EMP000213,REG000962,2024-04-01,pass,
AUD000338,EMP004015,REG000835,2025-01-01,fail,Violation in Overtime Pay
AUD000339,EMP000411,REG002920,2024-11-27,pass,
AUD000340,EMP003895,REG001694,2025-01-07,pass,
AUD000341,EMP001745,REG002332,2025-01-31,fail,Violation in Minimum Wage
AUD000342,EMP005588,REG002793,2024-07-01,fail,Violation in Income Tax
AUD000343,EMP004345,REG000553,2023-10-22,fail,Violation in Income Tax
AUD000344,EMP006035,REG000546,2024-03-03,fail,Violation in Income Tax
AUD000345,EMP004052,REG002637,2023-12-28,pass,
AUD000346,EMP004559,REG001390,2025-03-20,fail,Violation in Employee Benefits
AUD000347,EMP000559,REG000828,2023-12-07,pass,
AUD000348,EMP004167,REG001345,2024-03-06,fail,Violation in Minimum Wage
AUD000349,EMP002869,REG001229,2025-05-24,fail,Violation in Overtime Pay
AUD000350,EMP000746,REG002777,2023-09-10,fail,Violation in Social Security
AUD000351,EMP000321,REG001806,2024-05-28,fail,Violation in Overtime Pay
AUD000352,EMP004420,REG001519,2024-09-11,fail,Violation in Social Security
AUD000353,EMP005192,REG001200,2023-12-23,fail,Violation in Social Security
AUD000354,EMP000446,REG000478,2024-01-01,pass,
AUD000355,EMP006845,REG002170,2024-09-06,fail,Violation in Income Tax
AUD000356,EMP001430,REG002671,2025-01-28,fail,Violation in Income Tax
AUD000357,EMP005798,REG002616,2025-04-06,pass,
AUD000358,EMP001140,REG001671,2023-12-08,fail,Violation in Payroll Reporting
AUD000359,EMP006433,REG001654,2023-08-14,pass,
AUD000360,EMP001054,REG000896,2023-07-21,fail,Violation in Overtime Pay
AUD000361,EMP005054,REG001250,2024-12-27,pass,
AUD000362,EMP005423,REG000982,2023-09-29,pass,
AUD000363,EMP003890,REG000904,2023-10-29,fail,Violation in Income Tax
AUD000364,EMP002204,REG001358,2023-11-21,fail,Violation in Payroll Reporting
AUD000365,EMP002579,REG000064,2024-05-02,pass,
AUD000366,EMP005578,REG000096,2023-07-30,fail,Violation in Social Security
AUD000367,EMP004723,REG001541,2024-05-14,pass,
AUD000368,EMP002705,REG001477,2024-12-23,fail,Violation in Income Tax
AUD000369,EMP003845,REG002288,2024-07-19,pass,
AUD000370,EMP001947,REG001827,2023-06-02,fail,Violation in Social Security
AUD000371,EMP005463,REG002328,2023-06-24,pass,
AUD000372,EMP004616,REG000073,2023-05-27,fail,Violation in Minimum Wage
AUD000373,EMP002616,REG000346,2024-10-13,fail,Violation in Overtime Pay
AUD000374,EMP001651,REG002592,2024-12-06,pass,
AUD000375,EMP003282,REG002064,2024-07-06,pass,
AUD000376,EMP003312,REG002248,2023-10-24,fail,Violation in Minimum Wage
AUD000377,EMP000106,REG002904,2024-10-31,pass,
AUD000378,EMP003760,REG001067,2024-10-27,fail,Violation in Overtime Pay
AUD000379,EMP005900,REG000770,2024-11-01,pass,
AUD000380,EMP005056,REG000608,2025-01-31,fail,Violation in Income Tax
AUD000381,EMP003196,REG001636,2024-07-17,pass,
AUD000382,EMP001781,REG001998,2023-07-06,pass,
AUD000383,EMP002340,REG001837,2023-06-23,fail,Violation in Payroll Reporting
AUD000384,EMP002054,REG000172,2023-12-01,pass,
AUD000385,EMP004875,REG000390,2025-02-28,fail,Violation in Overtime Pay
AUD000386,EMP003132,REG001707,2025-03-14,pass,
AUD000387,EMP005450,REG001511,2025-01-15,fail,Violation in Income Tax
AUD000388,EMP004590,REG001559,2025-05-10,pass,
AUD000389,EMP005236,REG001397,2024-10-04,pass,
AUD000390,EMP006618,REG000687,2025-05-15,pass,
AUD000391,EMP006857,REG001665,2025-05-19,fail,Violation in Income Tax
AUD000392,EMP000278,REG000699,2024-10-28,pass,
AUD000393,EMP006860,REG001366,2024-05-15,fail,Violation in Employee Benefits
AUD000394,EMP000524,REG000437,2024-01-17,fail,Violation in Social Security
AUD000395,EMP006334,REG001514,2024-01-20,fail,Violation in Overtime Pay
AUD000396,EMP001551,REG002153,2023-09-17,pass,
AUD000397,EMP004426,REG000267,2025-03-02,fail,Violation in Overtime Pay
AUD000398,EMP004414,REG001244,2024-05-09,fail,Violation in Social Security
AUD000399,EMP000272,REG002277,2024-01-22,pass,
AUD000400,EMP005415,REG001539,2025-02-02,pass,
AUD000401,EMP002763,REG000528,2024-02-03,fail,Violation in Minimum Wage
AUD000402,EMP003068,REG000985,2023-11-27,pass,
AUD000403,EMP003584,REG000865,2024-07-27,fail,Violation in Payroll Reporting
AUD000404,EMP000536,REG000154,2024-12-25,fail,Violation in Minimum Wage
AUD000405,EMP002675,REG001921,2023-10-05,pass,
AUD000406,EMP005283,REG000407,2024-04-13,fail,Violation in Employee Benefits
AUD000407,EMP003660,REG002137,2023-11-22,pass,
AUD000408,EMP006278,REG000807,2023-07-12,fail,Violation in Employee Benefits
AUD000409,EMP002750,REG000296,2025-04-27,fail,Violation in Overtime Pay
AUD000410,EMP002950,REG001556,2024-08-04,fail,Violation in Overtime Pay
AUD000411,EMP001593,REG002454,2025-04-09,fail,Violation in Social Security
AUD000412,EMP004414,REG002424,2023-10-17,pass,
AUD000413,EMP003488,REG001964,2023-11-24,pass,
AUD000414,EMP005110,REG001948,2023-08-01,fail,Violation in Overtime Pay
AUD000415,EMP000639,REG000486,2023-10-01,fail,Violation in Minimum Wage
AUD000416,EMP002341,REG001547,2023-10-31,fail,Violation in Minimum Wage
AUD000417,EMP001590,REG000923,2025-02-23,pass,
AUD000418,EMP003888,REG002301,2024-09-04,fail,Violation in Minimum Wage
AUD000419,EMP002403,REG001842,2024-11-14,fail,Violation in Employee Benefits
AUD000420,EMP002336,REG002412,2024-11-12,fail,Violation in Overtime Pay
AUD000421,EMP000191,REG002200,2023-07-15,pass,
AUD000422,EMP004267,REG001705,2025-01-13,fail,Violation in Employee Benefits
AUD000423,EMP004522,REG002401,2023-10-08,pass,
AUD000424,EMP002556,REG002656,2024-11-19,fail,Violation in Social Security
AUD000425,EMP003393,REG001439,2025-03-24,pass,
AUD000426,EMP001365,REG002180,2024-08-13,fail,Violation in Employee Benefits
AUD000427,EMP002524,REG000514,2025-04-25,pass,
AUD000428,EMP005947,REG001588,2023-11-21,fail,Violation in Income Tax
AUD000429,EMP002980,REG000805,2024-08-06,fail,Violation in Payroll Reporting
AUD000430,EMP003718,REG000250,2025-03-05,pass,
AUD000431,EMP005262,REG001664,2024-12-17,fail,Violation in Employee Benefits
AUD000432,EMP001325,REG001826,2023-10-16,fail,Violation in Income Tax
AUD000433,EMP006196,REG002764,2023-07-22,pass,
AUD000434,EMP004422,REG000292,2024-09-22,fail,Violation in Overtime Pay
AUD000435,EMP001030,REG002140,2025-05-19,pass,
AUD000436,EMP000217,REG000222,2024-11-20,fail,Violation in Social Security
AUD000437,EMP002087,REG001940,2024-01-23,pass,
AUD000438,EMP006688,REG000515,2023-08-02,fail,Violation in Overtime Pay
AUD000439,EMP005890,REG001295,2023-07-31,fail,Violation in Overtime Pay
AUD000440,EMP000320,REG001861,2025-02-10,fail,Violation in Payroll Reporting
AUD000441,EMP005198,REG001611,2023-11-21,pass,
AUD000442,EMP001316,REG001220,2025-03-11,fail,Violation in Income Tax
AUD000443,EMP002742,REG001884,2023-11-29,pass,
AUD000444,EMP004220,REG002915,2024-11-20,pass,
AUD000445,EMP005944,REG001093,2023-11-20,pass,
AUD000446,EMP005356,REG000445,2023-06-30,fail,Violation in Payroll Reporting
AUD000447,EMP004763,REG001447,2023-11-01,pass,
AUD000448,EMP002929,REG001702,2025-02-14,fail,Violation in Payroll Reporting
AUD000449,EMP004734,REG000848,2023-05-30,pass,
AUD000450,EMP006105,REG000030,2024-04-02,fail,Violation in Overtime Pay
AUD000451,EMP003519,REG002315,2024-09-18,fail,Violation in Income Tax
AUD000452,EMP001700,REG001307,2024-07-15,fail,Violation in Income Tax
AUD000453,EMP005001,REG002272,2023-08-02,pass,
AUD000454,EMP000286,REG002695,2024-04-07,pass,
AUD000455,EMP000175,REG000691,2023-07-07,pass,
AUD000456,EMP000000,REG000171,2024-05-27,pass,
AUD000457,EMP001681,REG000868,2024-03-17,fail,Violation in Social Security
AUD000458,EMP003270,REG002354,2024-04-03,pass,
AUD000459,EMP003821,REG002992,2024-03-16,pass,
AUD000460,EMP004162,REG002659,2023-09-29,fail,Violation in Minimum Wage
AUD000461,EMP006522,REG001247,2024-08-12,fail,Violation in Payroll Reporting
AUD000462,EMP005685,REG000381,2024-07-20,fail,Violation in Social Security
AUD000463,EMP001176,REG002842,2025-05-08,fail,Violation in Social Security
AUD000464,EMP006374,REG002082,2024-08-29,fail,Violation in Overtime Pay
AUD000465,EMP000028,REG000762,2023-09-26,fail,Violation in Minimum Wage
AUD000466,EMP006262,REG000819,2025-04-09,fail,Violation in Payroll Reporting
AUD000467,EMP000511,REG000400,2025-01-28,pass,
AUD000468,EMP001090,REG000577,2025-01-04,fail,Violation in Employee Benefits
AUD000469,EMP001649,REG001869,2023-10-29,pass,
AUD000470,EMP003739,REG001665,2024-10-30,pass,
AUD000471,EMP003941,REG000444,2024-08-23,fail,Violation in Social Security
AUD000472,EMP003236,REG001915,2024-07-05,pass,
AUD000473,EMP003079,REG000898,2024-01-01,fail,Violation in Social Security
AUD000474,EMP001116,REG002896,2024-02-07,pass,
AUD000475,EMP001741,REG002537,2024-04-09,pass,
AUD000476,EMP000896,REG000202,2024-03-15,fail,Violation in Overtime Pay
AUD000477,EMP005588,REG000189,2023-11-03,pass,
AUD000478,EMP003592,REG002426,2023-07-02,fail,Violation in Income Tax
AUD000479,EMP002527,REG002134,2025-02-24,pass,
AUD000480,EMP004417,REG001085,2023-07-11,fail,Violation in Social Security
AUD000481,EMP004580,REG001781,2024-05-27,fail,Violation in Social Security
AUD000482,EMP004706,REG000610,2025-02-06,fail,Violation in Income Tax
AUD000483,EMP006089,REG001614,2025-01-25,pass,
AUD000484,EMP003733,REG002827,2024-08-06,pass,
AUD000485,EMP000779,REG000719,2023-12-06,pass,
AUD000486,EMP001823,REG000615,2023-06-06,fail,Violation in Payroll Reporting
AUD000487,EMP006994,REG001317,2024-05-11,fail,Violation in Employee Benefits
AUD000488,EMP004903,REG002321,2024-12-10,fail,Violation in Social Security
AUD000489,EMP001417,REG000496,2024-11-28,fail,Violation in Payroll Reporting
AUD000490,EMP002348,REG000323,2024-10-24,pass,
AUD000491,EMP006878,REG001127,2025-03-18,fail,Violation in Social Security
AUD000492,EMP002854,REG000557,2024-02-09,fail,Violation in Income Tax
AUD000493,EMP000872,REG001796,2024-07-07,fail,Violation in Overtime Pay
AUD000494,EMP004596,REG001984,2024-02-01,fail,Violation in Income Tax
AUD000495,EMP004327,REG002765,2023-10-12,pass,
AUD000496,EMP001553,REG002582,2025-04-22,pass,
AUD000497,EMP005306,REG000692,2024-08-24,fail,Violation in Payroll Reporting
AUD000498,EMP004334,REG002052,2025-03-30,pass,
AUD000499,EMP001305,REG002951,2024-07-29,fail,Violation in Social Security
AUD000500,EMP005699,REG002976,2023-09-27,fail,Violation in Social Security
AUD000501,EMP001764,REG001954,2024-03-24,fail,Violation in Social Security
AUD000502,EMP002914,REG000074,2023-11-21,pass,
AUD000503,EMP001156,REG000312,2024-09-01,pass,
AUD000504,EMP002150,REG002823,2024-12-31,fail,Violation in Payroll Reporting
AUD000505,EMP001058,REG001857,2024-08-17,pass,
AUD000506,EMP002759,REG002805,2024-07-15,fail,Violation in Overtime Pay
AUD000507,EMP001938,REG000026,2023-10-17,pass,
AUD000508,EMP006338,REG002663,2025-02-23,fail,Violation in Income Tax
AUD000509,EMP002988,REG001309,2023-12-03,fail,Violation in Social Security
AUD000510,EMP000475,REG001630,2023-07-16,fail,Violation in Employee Benefits
AUD000511,EMP002098,REG001734,2025-02-02,pass,
AUD000512,EMP002128,REG001543,2024-05-15,pass,
AUD000513,EMP006312,REG000389,2025-01-08,pass,
AUD000514,EMP001120,REG000193,2023-06-27,pass,
AUD000515,EMP004131,REG002819,2024-01-21,fail,Violation in Payroll Reporting
AUD000516,EMP000013,REG002154,2024-01-16,pass,
AUD000517,EMP002022,REG002304,2023-09-08,pass,
AUD000518,EMP006944,REG001703,2023-11-11,pass,
AUD000519,EMP000546,REG000744,2025-03-07,pass,
AUD000520,EMP006590,REG000020,2024-08-14,pass,
AUD000521,EMP002345,REG002028,2023-09-12,fail,Violation in Minimum Wage
AUD000522,EMP004986,REG002489,2023-11-04,fail,Violation in Payroll Reporting
AUD000523,EMP001181,REG000410,2023-09-08,pass,
AUD000524,EMP000495,REG002531,2024-12-08,fail,Violation in Income Tax
AUD000525,EMP004515,REG002199,2024-12-24,fail,Violation in Income Tax
AUD000526,EMP002454,REG000905,2024-02-19,fail,Violation in Employee Benefits
AUD000527,EMP005551,REG001613,2023-07-04,fail,Violation in Minimum Wage
AUD000528,EMP005771,REG002470,2023-09-25,fail,Violation in Income Tax
AUD000529,EMP006658,REG000663,2024-09-01,pass,
AUD000530,EMP001354,REG000297,2024-02-18,fail,Violation in Minimum Wage
AUD000531,EMP006609,REG001560,2024-11-11,fail,Violation in Income Tax
AUD000532,EMP006606,REG000563,2024-12-31,fail,Violation in Minimum Wage
AUD000533,EMP000725,REG000131,2024-07-08,fail,Violation in Minimum Wage
AUD000534,EMP003135,REG002786,2023-06-20,pass,
AUD000535,EMP004919,REG000668,2025-02-15,pass,
AUD000536,EMP005717,REG001985,2025-05-18,pass,
AUD000537,EMP003814,REG000030,2023-07-03,fail,Violation in Overtime Pay
AUD000538,EMP002057,REG002738,2024-06-20,fail,Violation in Payroll Reporting
AUD000539,EMP001160,REG001210,2024-11-28,fail,Violation in Income Tax
AUD000540,EMP006215,REG002512,2024-04-06,pass,
AUD000541,EMP004600,REG002967,2025-05-19,fail,Violation in Employee Benefits
AUD000542,EMP000676,REG002644,2024-08-05,fail,Violation in Overtime Pay
AUD000543,EMP005207,REG000716,2023-10-06,pass,
AUD000544,EMP002491,REG002545,2024-09-30,fail,Violation in Payroll Reporting
AUD000545,EMP000190,REG000199,2025-01-27,fail,Violation in Payroll Reporting
AUD000546,EMP004268,REG001001,2025-01-23,pass,
AUD000547,EMP005628,REG002309,2024-10-23,fail,Violation in Social Security
AUD000548,EMP001062,REG002326,2024-01-19,pass,
AUD000549,EMP001393,REG001833,2023-09-10,fail,Violation in Minimum Wage
AUD000550,EMP001747,REG000816,2023-08-30,fail,Violation in Overtime Pay
AUD000551,EMP006902,REG001581,2024-01-05,pass,
AUD000552,EMP004575,REG001177,2025-01-27,pass,
AUD000553,EMP005707,REG001911,2025-03-13,pass,
AUD000554,EMP001044,REG001711,2024-08-29,pass,
AUD000555,EMP003486,REG001003,2023-09-21,fail,Violation in Payroll Reporting
AUD000556,EMP004337,REG001035,2025-04-30,fail,Violation in Income Tax
AUD000557,EMP001930,REG000772,2024-12-06,pass,
AUD000558,EMP000023,REG000351,2025-05-24,fail,Violation in Payroll Reporting
AUD000559,EMP003365,REG001268,2024-12-12,fail,Violation in Payroll Reporting
AUD000560,EMP003954,REG001836,2023-05-27,pass,
AUD000561,EMP002039,REG002465,2023-06-05,pass,
AUD000562,EMP006504,REG002903,2024-06-27,fail,Violation in Employee Benefits
AUD000563,EMP006059,REG001482,2024-08-11,pass,
AUD000564,EMP004435,REG001818,2024-06-01,pass,
AUD000565,EMP000505,REG001040,2025-05-15,fail,Violation in Overtime Pay
AUD000566,EMP000861,REG000263,2024-01-16,pass,
AUD000567,EMP005670,REG000077,2023-06-28,fail,Violation in Income Tax
AUD000568,EMP006190,REG001326,2023-09-08,pass,
AUD000569,EMP001784,REG000194,2023-08-05,fail,Violation in Employee Benefits
AUD000570,EMP006254,REG000237,2025-03-09,pass,
AUD000571,EMP006697,REG002767,2025-02-07,pass,
AUD000572,EMP006717,REG001226,2024-05-30,pass,
AUD000573,EMP005436,REG002808,2023-07-15,fail,Violation in Minimum Wage
AUD000574,EMP005708,REG000142,2024-12-08,pass,
AUD000575,EMP005972,REG002813,2025-01-31,fail,Violation in Employee Benefits
AUD000576,EMP003311,REG002363,2024-09-30,fail,Violation in Income Tax
AUD000577,EMP005463,REG002531,2025-01-23,fail,Violation in Income Tax
AUD000578,EMP003060,REG001883,2024-03-09,fail,Violation in Minimum Wage
AUD000579,EMP001273,REG000990,2023-07-03,fail,Violation in Payroll Reporting
AUD000580,EMP001516,REG002338,2023-07-29,fail,Violation in Employee Benefits
AUD000581,EMP003196,REG002923,2024-09-16,fail,Violation in Overtime Pay
AUD000582,EMP003830,REG001959,2023-12-07,fail,Violation in Income Tax
AUD000583,EMP005678,REG002456,2025-01-21,fail,Violation in Social Security
AUD000584,EMP002553,REG000679,2024-10-17,pass,
AUD000585,EMP004048,REG002648,2023-08-10,fail,Violation in Social Security
AUD000586,EMP000188,REG000453,2025-05-23,pass,
AUD000587,EMP001199,REG001764,2024-10-20,pass,
AUD000588,EMP005799,REG001980,2023-07-24,fail,Violation in Income Tax
AUD000589,EMP002557,REG002883,2024-05-14,fail,Violation in Payroll Reporting
AUD000590,EMP001127,REG000926,2025-05-02,pass,
AUD000591,EMP000738,REG002179,2025-05-10,fail,Violation in Employee Benefits
AUD000592,EMP000475,REG001709,2023-07-25,pass,
AUD000593,EMP001563,REG002420,2024-08-10,pass,
AUD000594,EMP002249,REG002869,2024-03-11,fail,Violation in Minimum Wage
AUD000595,EMP000620,REG001515,2024-12-25,pass,
AUD000596,EMP006117,REG000121,2025-01-12,pass,
AUD000597,EMP005443,REG001842,2023-07-29,fail,Violation in Employee Benefits
AUD000598,EMP004085,REG002140,2023-10-28,pass,
AUD000599,EMP000984,REG000897,2024-01-20,fail,Violation in Payroll Reporting
AUD000600,EMP000415,REG001432,2024-01-06,pass,
AUD000601,EMP004238,REG001800,2024-08-29,pass,
AUD000602,EMP003072,REG000806,2024-02-27,pass,
AUD000603,EMP000556,REG002761,2024-07-14,fail,Violation in Employee Benefits
AUD000604,EMP005237,REG001730,2024-12-28,pass,
AUD000605,EMP001786,REG002667,2023-05-29,pass,
AUD000606,EMP005174,REG001492,2023-08-15,fail,Violation in Employee Benefits
AUD000607,EMP003833,REG002329,2023-09-14,pass,
AUD000608,EMP000511,REG002029,2024-12-24,fail,Violation in Employee Benefits
AUD000609,EMP004393,REG001805,2023-07-12,pass,
AUD000610,EMP003719,REG002446,2024-04-24,fail,Violation in Overtime Pay
AUD000611,EMP002457,REG002125,2023-11-15,pass,
AUD000612,EMP002828,REG002633,2023-10-16,fail,Violation in Income Tax
AUD000613,EMP001794,REG000124,2025-02-11,pass,
AUD000614,EMP005836,REG002643,2025-01-07,fail,Violation in Social Security
AUD000615,EMP004321,REG000515,2024-01-15,fail,Violation in Overtime Pay
AUD000616,EMP005483,REG001435,2025-03-22,pass,
AUD000617,EMP004642,REG002594,2024-06-29,pass,
AUD000618,EMP003344,REG002626,2024-07-24,fail,Violation in Social Security
AUD000619,EMP003357,REG000598,2024-08-15,pass,
AUD000620,EMP003768,REG001525,2024-05-14,pass,
AUD000621,EMP002595,REG001995,2023-08-08,pass,
AUD000622,EMP000812,REG001690,2023-09-20,fail,Violation in Income Tax
AUD000623,EMP002980,REG000519,2024-09-01,pass,
AUD000624,EMP004044,REG001391,2024-08-28,pass,
AUD000625,EMP004607,REG002690,2023-07-27,fail,Violation in Social Security
AUD000626,EMP006514,REG002862,2024-01-06,fail,Violation in Social Security
AUD000627,EMP000855,REG000467,2023-11-21,fail,Violation in Employee Benefits
AUD000628,EMP004544,REG002813,2023-08-31,pass,
AUD000629,EMP000525,REG002826,2023-10-31,pass,
AUD000630,EMP006012,REG002542,2024-11-14,fail,Violation in Employee Benefits
AUD000631,EMP006831,REG000732,2024-02-16,fail,Violation in Payroll Reporting
AUD000632,EMP000064,REG000418,2023-11-06,pass,
AUD000633,EMP003396,REG002401,2024-01-20,pass,
AUD000634,EMP005257,REG000554,2025-02-21,fail,Violation in Overtime Pay
AUD000635,EMP006212,REG001975,2023-10-27,pass,
AUD000636,EMP005309,REG001296,2023-12-26,pass,
AUD000637,EMP000493,REG001957,2025-02-19,pass,
AUD000638,EMP003066,REG000319,2023-11-12,pass,
AUD000639,EMP003307,REG002688,2025-02-16,fail,Violation in Minimum Wage
AUD000640,EMP004997,REG000049,2024-04-15,fail,Violation in Minimum Wage
AUD000641,EMP002176,REG001145,2024-08-02,fail,Violation in Employee Benefits
AUD000642,EMP006257,REG000727,2025-04-05,fail,Violation in Minimum Wage
AUD000643,EMP004519,REG000583,2024-05-30,pass,
AUD000644,EMP004953,REG001421,2023-12-18,fail,Violation in Overtime Pay
AUD000645,EMP000684,REG000004,2024-05-15,pass,
AUD000646,EMP005456,REG001145,2024-09-06,pass,
AUD000647,EMP004068,REG000499,2024-09-09,pass,
AUD000648,EMP006682,REG002454,2023-09-24,pass,
AUD000649,EMP001032,REG001673,2024-02-16,fail,Violation in Employee Benefits
AUD000650,EMP002993,REG000789,2025-01-15,pass,
AUD000651,EMP001482,REG001228,2025-03-23,pass,
AUD000652,EMP006610,REG001024,2024-11-13,fail,Violation in Income Tax
AUD000653,EMP004167,REG002916,2024-09-04,pass,
AUD000654,EMP002659,REG002083,2024-09-30,fail,Violation in Income Tax
AUD000655,EMP006551,REG001023,2023-12-25,pass,
AUD000656,EMP003627,REG000658,2023-10-29,pass,
AUD000657,EMP006038,REG000316,2024-02-11,fail,Violation in Income Tax
AUD000658,EMP006884,REG001918,2024-05-08,pass,
AUD000659,EMP006314,REG000356,2024-11-04,pass,
AUD000660,EMP004300,REG002123,2024-01-20,fail,Violation in Payroll Reporting
AUD000661,EMP000132,REG000356,2025-04-17,fail,Violation in Employee Benefits
AUD000662,EMP004378,REG001035,2023-08-16,fail,Violation in Income Tax
AUD000663,EMP000163,REG001628,2023-09-10,fail,Violation in Payroll Reporting
AUD000664,EMP002418,REG001772,2025-01-04,pass,
AUD000665,EMP000894,REG002908,2024-04-10,pass,
AUD000666,EMP001821,REG000510,2023-06-06,pass,
AUD000667,EMP002941,REG001500,2024-03-24,fail,Violation in Minimum Wage
AUD000668,EMP000029,REG002510,2023-11-14,pass,
AUD000669,EMP002096,REG000490,2023-07-20,pass,
AUD000670,EMP002931,REG000091,2023-07-07,fail,Violation in Employee Benefits
AUD000671,EMP002279,REG000047,2025-05-07,fail,Violation in Social Security
AUD000672,EMP006997,REG002355,2025-03-04,fail,Violation in Income Tax
AUD000673,EMP006153,REG002703,2024-12-20,pass,
AUD000674,EMP005322,REG002646,2024-10-13,fail,Violation in Payroll Reporting
AUD000675,EMP005667,REG000589,2024-05-05,fail,Violation in Overtime Pay
AUD000676,EMP001571,REG002220,2023-12-21,pass,
AUD000677,EMP001552,REG000421,2025-05-20,fail,Violation in Minimum Wage
AUD000678,EMP002728,REG001139,2024-10-29,fail,Violation in Income Tax
AUD000679,EMP004528,REG000030,2023-06-07,fail,Violation in Overtime Pay
AUD000680,EMP006804,REG000747,2024-04-16,pass,
AUD000681,EMP006704,REG002257,2024-10-08,fail,Violation in Overtime Pay
AUD000682,EMP005975,REG001667,2025-02-07,fail,Violation in Income Tax
AUD000683,EMP002697,REG002583,2024-07-19,fail,Violation in Employee Benefits
AUD000684,EMP000443,REG000913,2023-06-24,pass,
AUD000685,EMP001323,REG002428,2025-05-22,fail,Violation in Income Tax
AUD000686,EMP003103,REG000025,2024-09-26,pass,
AUD000687,EMP000784,REG002856,2025-01-11,pass,
AUD000688,EMP003469,REG002098,2025-04-23,fail,Violation in Social Security
AUD000689,EMP001036,REG001629,2023-08-26,pass,
AUD000690,EMP003675,REG000972,2023-07-25,fail,Violation in Income Tax
AUD000691,EMP002084,REG001568,2023-08-16,fail,Violation in Income Tax
AUD000692,EMP001006,REG000234,2023-12-25,fail,Violation in Employee Benefits
AUD000693,EMP003604,REG002536,2023-07-30,fail,Violation in Payroll Reporting
AUD000694,EMP005248,REG000783,2025-04-13,pass,
AUD000695,EMP006001,REG000023,2025-04-12,pass,
AUD000696,EMP000121,REG002014,2024-09-07,pass,
AUD000697,EMP005929,REG001405,2023-12-17,fail,Violation in Minimum Wage
AUD000698,EMP001637,REG002330,2023-08-25,pass,
AUD000699,EMP000158,REG002498,2025-04-04,fail,Violation in Overtime Pay
AUD000700,EMP001368,REG001695,2024-07-07,fail,Violation in Employee Benefits
AUD000701,EMP005955,REG001742,2023-10-26,fail,Violation in Overtime Pay
AUD000702,EMP001517,REG001350,2024-02-25,fail,Violation in Social Security
AUD000703,EMP001952,REG001711,2025-04-16,pass,
AUD000704,EMP005638,REG001269,2024-06-09,fail,Violation in Income Tax
AUD000705,EMP001028,REG001504,2024-07-07,fail,Violation in Minimum Wage
AUD000706,EMP004261,REG002547,2024-06-06,pass,
AUD000707,EMP001358,REG000865,2024-03-25,fail,Violation in Payroll Reporting
AUD000708,EMP006952,REG001089,2023-10-19,fail,Violation in Income Tax
AUD000709,EMP000215,REG001076,2024-12-05,pass,
AUD000710,EMP003664,REG002126,2024-10-10,fail,Violation in Payroll Reporting
AUD000711,EMP005333,REG001995,2024-10-02,pass,
AUD000712,EMP001576,REG001157,2025-04-02,fail,Violation in Overtime Pay
AUD000713,EMP004031,REG000505,2024-09-24,pass,
AUD000714,EMP003906,REG000052,2023-11-26,fail,Violation in Payroll Reporting
AUD000715,EMP004324,REG002466,2023-12-13,fail,Violation in Minimum Wage
AUD000716,EMP005966,REG001716,2023-08-10,pass,
AUD000717,EMP001332,REG000879,2024-07-07,pass,
AUD000718,EMP006957,REG000865,2024-03-27,pass,
AUD000719,EMP000274,REG001510,2023-09-09,pass,
AUD000720,EMP005192,REG000824,2024-01-05,pass,
AUD000721,EMP005420,REG001651,2023-08-18,pass,
AUD000722,EMP000386,REG000910,2025-01-04,pass,
AUD000723,EMP005553,REG002639,2025-01-22,pass,
AUD000724,EMP004530,REG001481,2024-04-14,fail,Violation in Minimum Wage
AUD000725,EMP006292,REG001037,2024-08-06,fail,Violation in Overtime Pay
AUD000726,EMP006845,REG000186,2023-05-31,pass,
AUD000727,EMP001026,REG000565,2023-10-06,fail,Violation in Social Security
AUD000728,EMP005433,REG002223,2023-06-19,pass,
AUD000729,EMP004448,REG001117,2024-07-05,fail,Violation in Payroll Reporting
AUD000730,EMP003093,REG001960,2023-08-11,fail,Violation in Income Tax
AUD000731,EMP005242,REG001042,2023-12-02,fail,Violation in Payroll Reporting
AUD000732,EMP002775,REG002401,2023-07-27,fail,Violation in Income Tax
AUD000733,EMP005986,REG001776,2024-04-04,pass,
AUD000734,EMP004962,REG002776,2024-05-12,fail,Violation in Minimum Wage
AUD000735,EMP006979,REG000598,2023-08-01,pass,
AUD000736,EMP005814,REG001532,2025-05-12,fail,Violation in Overtime Pay
AUD000737,EMP006564,REG001465,2023-08-23,fail,Violation in Social Security
AUD000738,EMP002028,REG000853,2023-10-29,fail,Violation in Income Tax
AUD000739,EMP004079,REG002560,2025-04-02,pass,
AUD000740,EMP004027,REG001809,2025-02-13,fail,Violation in Payroll Reporting
AUD000741,EMP001279,REG002571,2025-01-11,pass,
AUD000742,EMP000726,REG002394,2025-03-04,fail,Violation in Minimum Wage
AUD000743,EMP000891,REG001854,2024-10-14,fail,Violation in Social Security
AUD000744,EMP003277,REG001121,2025-03-25,pass,
AUD000745,EMP006664,REG001514,2023-12-21,pass,
AUD000746,EMP006495,REG002897,2023-06-24,pass,
AUD000747,EMP004941,REG000410,2024-04-19,pass,
AUD000748,EMP002778,REG001507,2024-09-22,pass,
AUD000749,EMP003105,REG002415,2024-02-13,pass,
AUD000750,EMP002419,REG002545,2024-05-13,fail,Violation in Payroll Reporting
AUD000751,EMP000046,REG001944,2025-05-24,fail,Violation in Minimum Wage
AUD000752,EMP005462,REG000607,2025-04-17,pass,
AUD000753,EMP005526,REG001266,2024-12-03,pass,
AUD000754,EMP003511,REG001769,2025-05-13,fail,Violation in Payroll Reporting
AUD000755,EMP004047,REG002066,2024-03-07,fail,Violation in Income Tax
AUD000756,EMP000783,REG000863,2024-08-11,fail,Violation in Income Tax
AUD000757,EMP003952,REG001399,2023-06-26,pass,
AUD000758,EMP003752,REG001805,2023-08-23,pass,
AUD000759,EMP002854,REG000549,2023-10-04,pass,
AUD000760,EMP004206,REG001229,2023-11-03,fail,Violation in Overtime Pay
AUD000761,EMP002995,REG002236,2024-04-09,pass,
AUD000762,EMP006730,REG002764,2025-03-26,pass,
AUD000763,EMP001810,REG001520,2024-11-03,fail,Violation in Payroll Reporting
AUD000764,EMP003456,REG001613,2023-07-26,pass,
AUD000765,EMP002741,REG002847,2024-03-21,pass,
AUD000766,EMP001268,REG001056,2023-11-01,pass,
AUD000767,EMP004865,REG001488,2025-02-13,fail,Violation in Employee Benefits
AUD000768,EMP003285,REG000200,2024-01-15,fail,Violation in Employee Benefits
AUD000769,EMP004649,REG002192,2024-09-08,fail,Violation in Employee Benefits
AUD000770,EMP003344,REG001836,2024-03-26,fail,Violation in Overtime Pay
AUD000771,EMP000686,REG000868,2023-11-22,fail,Violation in Social Security
AUD000772,EMP004624,REG002827,2024-10-28,pass,
AUD000773,EMP001885,REG001552,2025-03-20,fail,Violation in Overtime Pay
AUD000774,EMP000799,REG001534,2024-06-03,fail,Violation in Social Security
AUD000775,EMP003979,REG002759,2024-05-27,fail,Violation in Payroll Reporting
AUD000776,EMP004763,REG001243,2024-11-20,pass,
AUD000777,EMP003044,REG000886,2024-09-24,pass,
AUD000778,EMP006614,REG001410,2023-12-11,pass,
AUD000779,EMP003878,REG001263,2024-04-26,fail,Violation in Employee Benefits
AUD000780,EMP005236,REG000800,2024-07-02,pass,
AUD000781,EMP004253,REG001109,2023-10-30,pass,
AUD000782,EMP006230,REG000374,2024-04-05,fail,Violation in Income Tax
AUD000783,EMP005639,REG002429,2024-08-17,fail,Violation in Minimum Wage
AUD000784,EMP003667,REG001540,2025-02-06,fail,Violation in Overtime Pay
AUD000785,EMP006378,REG002444,2024-09-14,fail,Violation in Minimum Wage
AUD000786,EMP006830,REG002951,2023-06-03,fail,Violation in Social Security
AUD000787,EMP001633,REG000713,2024-10-24,pass,
AUD000788,EMP003747,REG000375,2024-06-17,pass,
AUD000789,EMP000795,REG002214,2023-09-15,fail,Violation in Minimum Wage
AUD000790,EMP002056,REG000623,2024-06-05,pass,
AUD000791,EMP003226,REG002865,2024-11-05,fail,Violation in Overtime Pay
AUD000792,EMP005482,REG000448,2025-01-27,fail,Violation in Social Security
AUD000793,EMP005623,REG000292,2023-07-13,pass,
AUD000794,EMP002808,REG001152,2025-03-11,fail,Violation in Minimum Wage
AUD000795,EMP002196,REG000142,2023-10-27,fail,Violation in Minimum Wage
AUD000796,EMP006156,REG001402,2024-02-29,pass,
AUD000797,EMP004732,REG000378,2025-03-06,fail,Violation in Overtime Pay
AUD000798,EMP005880,REG002982,2024-04-11,fail,Violation in Minimum Wage
AUD000799,EMP005379,REG000656,2025-04-30,pass,
AUD000800,EMP003940,REG001515,2023-08-06,pass,
AUD000801,EMP003198,REG000402,2023-11-15,fail,Violation in Social Security
AUD000802,EMP001073,REG000781,2024-03-30,fail,Violation in Employee Benefits
AUD000803,EMP002541,REG000145,2023-07-21,fail,Violation in Income Tax
AUD000804,EMP002931,REG000396,2025-01-29,pass,
AUD000805,EMP006837,REG000895,2024-03-20,fail,Violation in Income Tax
AUD000806,EMP006981,REG002323,2024-04-30,pass,
AUD000807,EMP005322,REG002229,2024-12-04,pass,
AUD000808,EMP004584,REG000655,2024-08-05,pass,
AUD000809,EMP006089,REG001154,2023-11-05,fail,Violation in Employee Benefits
AUD000810,EMP003710,REG001643,2025-02-22,pass,
AUD000811,EMP000715,REG002597,2024-12-07,pass,
AUD000812,EMP000303,REG000148,2023-07-16,fail,Violation in Social Security
AUD000813,EMP005291,REG000949,2024-07-10,fail,Violation in Income Tax
AUD000814,EMP003293,REG000213,2024-02-28,pass,
AUD000815,EMP001234,REG002658,2024-03-05,fail,Violation in Social Security
AUD000816,EMP002126,REG002590,2025-02-10,pass,
AUD000817,EMP003279,REG001115,2023-07-14,pass,
AUD000818,EMP005343,REG001959,2023-05-29,pass,
AUD000819,EMP004194,REG000351,2025-04-01,pass,
AUD000820,EMP004535,REG002456,2023-09-02,fail,Violation in Social Security
AUD000821,EMP003623,REG000294,2024-06-03,fail,Violation in Income Tax
AUD000822,EMP005537,REG000694,2023-12-08,fail,Violation in Overtime Pay
AUD000823,EMP006762,REG002319,2024-07-08,pass,
AUD000824,EMP001744,REG001635,2023-07-22,fail,Violation in Payroll Reporting
AUD000825,EMP005494,REG000241,2023-07-28,fail,Violation in Payroll Reporting
AUD000826,EMP002218,REG000677,2024-06-03,pass,
AUD000827,EMP001820,REG001774,2024-09-21,fail,Violation in Income Tax
AUD000828,EMP006621,REG002800,2023-10-03,fail,Violation in Social Security
AUD000829,EMP003263,REG002969,2023-10-21,pass,
AUD000830,EMP004405,REG002147,2025-04-23,fail,Violation in Payroll Reporting
AUD000831,EMP006267,REG002728,2023-11-09,fail,Violation in Overtime Pay
AUD000832,EMP000621,REG000896,2024-07-29,pass,
AUD000833,EMP001217,REG001103,2024-02-20,fail,Violation in Income Tax
AUD000834,EMP004665,REG002089,2024-03-18,pass,
AUD000835,EMP002868,REG002878,2023-07-24,pass,
AUD000836,EMP006203,REG002510,2025-02-27,pass,
AUD000837,EMP005783,REG002141,2024-04-07,pass,
AUD000838,EMP003799,REG000721,2025-01-15,pass,
AUD000839,EMP002736,REG000780,2024-10-25,fail,Violation in Minimum Wage
AUD000840,EMP002214,REG001046,2024-05-25,fail,Violation in Employee Benefits
AUD000841,EMP000730,REG000593,2024-06-26,pass,
AUD000842,EMP006931,REG002740,2025-03-14,fail,Violation in Payroll Reporting
AUD000843,EMP000473,REG001632,2023-12-12,fail,Violation in Income Tax
AUD000844,EMP000840,REG002164,2023-08-10,pass,
AUD000845,EMP006860,REG002860,2023-08-21,fail,Violation in Employee Benefits
AUD000846,EMP004075,REG002139,2024-08-24,fail,Violation in Social Security
AUD000847,EMP004126,REG002618,2024-06-18,pass,
AUD000848,EMP006049,REG000249,2024-08-16,fail,Violation in Overtime Pay
AUD000849,EMP002088,REG002010,2024-02-23,pass,
AUD000850,EMP002186,REG001781,2024-11-01,fail,Violation in Social Security
AUD000851,EMP004214,REG001440,2024-02-10,fail,Violation in Overtime Pay
AUD000852,EMP003317,REG000237,2025-05-05,pass,
AUD000853,EMP003560,REG002260,2024-12-25,fail,Violation in Payroll Reporting
AUD000854,EMP004537,REG002080,2024-07-11,fail,Violation in Income Tax
AUD000855,EMP006431,REG002379,2024-02-17,fail,Violation in Minimum Wage
AUD000856,EMP001890,REG000688,2023-06-01,fail,Violation in Minimum Wage
AUD000857,EMP005063,REG002291,2024-01-21,fail,Violation in Employee Benefits
AUD000858,EMP006544,REG001016,2023-08-11,pass,
AUD000859,EMP000337,REG001152,2024-03-08,fail,Violation in Minimum Wage
AUD000860,EMP000621,REG001038,2023-10-22,pass,
AUD000861,EMP003097,REG000094,2024-10-25,pass,
AUD000862,EMP006427,REG002066,2023-07-02,pass,
AUD000863,EMP005180,REG001821,2024-05-01,fail,Violation in Income Tax
AUD000864,EMP005260,REG001358,2024-06-07,pass,
AUD000865,EMP006878,REG000980,2023-12-14,fail,Violation in Employee Benefits
AUD000866,EMP004383,REG001028,2024-01-25,fail,Violation in Employee Benefits
AUD000867,EMP006033,REG002775,2025-03-01,pass,
AUD000868,EMP005525,REG001221,2025-04-21,fail,Violation in Employee Benefits
AUD000869,EMP000651,REG002566,2024-12-31,pass,
AUD000870,EMP004504,REG002329,2025-04-18,fail,Violation in Overtime Pay
AUD000871,EMP004408,REG002888,2024-02-03,pass,
AUD000872,EMP003736,REG001354,2024-06-27,fail,Violation in Minimum Wage
AUD000873,EMP006413,REG000617,2024-10-28,pass,
AUD000874,EMP000322,REG001256,2024-02-08,fail,Violation in Income Tax
AUD000875,EMP002767,REG001768,2023-07-06,fail,Violation in Income Tax
AUD000876,EMP003095,REG001631,2024-05-19,fail,Violation in Income Tax
AUD000877,EMP003193,REG001127,2025-04-15,fail,Violation in Social Security
AUD000878,EMP006137,REG001035,2023-12-30,fail,Violation in Income Tax
AUD000879,EMP001597,REG002680,2024-06-24,pass,
AUD000880,EMP001710,REG000783,2024-08-09,pass,
AUD000881,EMP001441,REG001035,2024-02-02,pass,
AUD000882,EMP002327,REG000879,2024-04-02,pass,
AUD000883,EMP000464,REG001183,2024-06-19,fail,Violation in Payroll Reporting
AUD000884,EMP004869,REG002922,2024-11-03,pass,
AUD000885,EMP000251,REG001763,2024-03-18,fail,Violation in Income Tax
AUD000886,EMP004610,REG001071,2024-09-30,fail,Violation in Social Security
AUD000887,EMP005923,REG000226,2025-01-28,pass,
AUD000888,EMP001428,REG001122,2024-08-27,pass,
AUD000889,EMP002745,REG002100,2023-08-13,pass,
AUD000890,EMP006063,REG002356,2024-04-13,fail,Violation in Minimum Wage
AUD000891,EMP005802,REG001778,2024-04-07,pass,
AUD000892,EMP000661,REG001068,2025-01-10,pass,
AUD000893,EMP004830,REG000649,2024-10-07,pass,
AUD000894,EMP000197,REG000273,2023-06-15,pass,
AUD000895,EMP001713,REG002428,2024-05-05,pass,
AUD000896,EMP006096,REG001696,2024-06-30,fail,Violation in Income Tax
AUD000897,EMP003885,REG001386,2023-12-01,pass,
AUD000898,EMP005423,REG001880,2024-04-06,pass,
AUD000899,EMP005931,REG002197,2023-07-05,fail,Violation in Employee Benefits
AUD000900,EMP004930,REG000447,2023-07-07,pass,
AUD000901,EMP001850,REG000774,2024-08-05,pass,
AUD000902,EMP001608,REG001985,2024-12-12,fail,Violation in Income Tax
AUD000903,EMP006132,REG001536,2025-01-02,pass,
AUD000904,EMP004473,REG000730,2024-10-23,fail,Violation in Overtime Pay
AUD000905,EMP004595,REG001134,2023-11-30,pass,
AUD000906,EMP001954,REG002908,2024-12-02,pass,
AUD000907,EMP005633,REG000086,2024-02-29,pass,
AUD000908,EMP002045,REG001197,2025-02-25,pass,
AUD000909,EMP003552,REG002184,2023-06-27,pass,
AUD000910,EMP005758,REG002045,2025-02-26,pass,
AUD000911,EMP002450,REG000344,2023-07-30,fail,Violation in Overtime Pay
AUD000912,EMP004087,REG002236,2023-11-21,pass,
AUD000913,EMP004962,REG001703,2024-04-12,fail,Violation in Income Tax
AUD000914,EMP003445,REG000455,2023-09-23,fail,Violation in Minimum Wage
AUD000915,EMP004390,REG000580,2025-01-17,pass,
AUD000916,EMP005285,REG000464,2024-10-22,pass,
AUD000917,EMP003260,REG002940,2024-06-19,fail,Violation in Minimum Wage
AUD000918,EMP005418,REG000763,2023-06-06,pass,
AUD000919,EMP001344,REG001154,2024-08-23,pass,
AUD000920,EMP006082,REG002462,2023-06-16,fail,Violation in Payroll Reporting
AUD000921,EMP005847,REG002701,2024-02-05,pass,
AUD000922,EMP005277,REG000794,2024-05-20,pass,
AUD000923,EMP000526,REG000211,2024-10-06,pass,
AUD000924,EMP000058,REG002225,2024-06-28,pass,
AUD000925,EMP001881,REG000683,2024-12-11,pass,
AUD000926,EMP005356,REG002627,2023-10-05,fail,Violation in Employee Benefits
AUD000927,EMP006065,REG002106,2024-12-18,pass,
AUD000928,EMP006561,REG000141,2024-05-04,pass,
AUD000929,EMP005119,REG001611,2023-08-01,fail,Violation in Social Security
AUD000930,EMP001012,REG000023,2023-09-08,pass,
AUD000931,EMP002515,REG001583,2023-08-07,fail,Violation in Social Security
AUD000932,EMP001240,REG001646,2024-07-11,pass,
AUD000933,EMP003979,REG001404,2023-10-26,pass,
AUD000934,EMP002184,REG002758,2024-10-26,fail,Violation in Employee Benefits
AUD000935,EMP000754,REG002310,2024-04-17,fail,Violation in Income Tax
AUD000936,EMP004496,REG001270,2023-12-19,fail,Violation in Overtime Pay
AUD000937,EMP006133,REG002510,2024-05-08,pass,
AUD000938,EMP001272,REG001016,2023-06-09,pass,
AUD000939,EMP004152,REG000841,2024-07-05,pass,
AUD000940,EMP000452,REG002878,2025-02-24,pass,
AUD000941,EMP003065,REG002494,2023-12-19,pass,
AUD000942,EMP004892,REG000500,2023-09-21,pass,
AUD000943,EMP002393,REG001163,2024-01-26,fail,Violation in Overtime Pay
AUD000944,EMP006301,REG002757,2024-11-26,pass,
AUD000945,EMP001964,REG001434,2024-07-01,pass,
AUD000946,EMP000230,REG000775,2024-12-02,fail,Violation in Minimum Wage
AUD000947,EMP001182,REG001602,2024-06-15,pass,
AUD000948,EMP002638,REG002041,2023-07-10,pass,
AUD000949,EMP000871,REG000321,2023-05-30,fail,Violation in Income Tax
AUD000950,EMP006247,REG000779,2023-07-14,fail,Violation in Overtime Pay
AUD000951,EMP006877,REG002726,2023-10-18,fail,Violation in Minimum Wage
AUD000952,EMP002306,REG000265,2025-03-17,fail,Violation in Social Security
AUD000953,EMP006498,REG002250,2023-07-27,fail,Violation in Employee Benefits
AUD000954,EMP006831,REG002834,2024-05-12,fail,Violation in Minimum Wage
AUD000955,EMP000716,REG002480,2024-08-08,fail,Violation in Payroll Reporting
AUD000956,EMP005191,REG002634,2025-02-06,fail,Violation in Social Security
AUD000957,EMP005750,REG000940,2025-05-05,fail,Violation in Social Security
AUD000958,EMP001026,REG000100,2023-09-13,fail,Violation in Payroll Reporting
AUD000959,EMP001393,REG002838,2023-06-27,fail,Violation in Income Tax
AUD000960,EMP003006,REG002649,2023-12-28,pass,
AUD000961,EMP000475,REG000469,2025-02-14,fail,Violation in Income Tax
AUD000962,EMP000519,REG000245,2024-10-15,pass,
AUD000963,EMP004318,REG000757,2024-10-24,fail,Violation in Overtime Pay
AUD000964,EMP004852,REG000916,2024-11-02,pass,
AUD000965,EMP000387,REG001902,2025-02-13,fail,Violation in Overtime Pay
AUD000966,EMP000792,REG000577,2025-04-20,fail,Violation in Employee Benefits
AUD000967,EMP003387,REG000988,2024-12-21,fail,Violation in Minimum Wage
AUD000968,EMP000973,REG001574,2024-01-16,pass,
AUD000969,EMP006505,REG002397,2023-10-28,pass,
AUD000970,EMP000344,REG001526,2024-01-10,fail,Violation in Employee Benefits
AUD000971,EMP000201,REG001723,2023-10-25,fail,Violation in Employee Benefits
AUD000972,EMP003431,REG000172,2024-10-23,fail,Violation in Overtime Pay
AUD000973,EMP006906,REG000227,2025-04-14,fail,Violation in Overtime Pay
AUD000974,EMP005269,REG001900,2023-11-27,pass,
AUD000975,EMP003888,REG000080,2023-10-15,fail,Violation in Payroll Reporting
AUD000976,EMP001030,REG000256,2024-06-29,fail,Violation in Payroll Reporting
AUD000977,EMP003926,REG001138,2024-04-16,pass,
AUD000978,EMP004290,REG002517,2025-05-13,fail,Violation in Minimum Wage
AUD000979,EMP002715,REG000732,2024-11-27,fail,Violation in Payroll Reporting
AUD000980,EMP001837,REG000861,2024-09-25,pass,
AUD000981,EMP006130,REG002923,2025-03-23,fail,Violation in Overtime Pay
AUD000982,EMP002421,REG000657,2025-05-06,pass,
AUD000983,EMP001890,REG000996,2025-02-15,fail,Violation in Employee Benefits
AUD000984,EMP004521,REG000283,2023-07-24,pass,
AUD000985,EMP005597,REG000404,2024-02-23,pass,
AUD000986,EMP001767,REG002306,2024-01-31,fail,Violation in Minimum Wage
AUD000987,EMP000123,REG000135,2024-08-22,pass,
AUD000988,EMP001955,REG001147,2024-07-03,fail,Violation in Income Tax
AUD000989,EMP004445,REG000690,2024-02-12,pass,
AUD000990,EMP002708,REG000136,2024-07-09,fail,Violation in Employee Benefits
AUD000991,EMP001424,REG002381,2023-05-30,fail,Violation in Overtime Pay
AUD000992,EMP005482,REG000448,2023-09-13,fail,Violation in Social Security
AUD000993,EMP003877,REG000305,2025-03-03,pass,
AUD000994,EMP001370,REG002830,2023-06-24,fail,Violation in Overtime Pay
AUD000995,EMP006986,REG000164,2024-01-17,fail,Violation in Overtime Pay
AUD000996,EMP000784,REG001924,2023-08-23,pass,
AUD000997,EMP002552,REG001093,2024-04-03,fail,Violation in Social Security
AUD000998,EMP006874,REG001459,2025-04-05,pass,
AUD000999,EMP006624,REG001765,2023-08-09,pass,
AUD001000,EMP005858,REG002363,2023-09-18,pass,
AUD001001,EMP006886,REG001513,2025-03-02,fail,Violation in Overtime Pay
AUD001002,EMP005442,REG001610,2023-06-08,fail,Violation in Employee Benefits
AUD001003,EMP005973,REG001702,2024-07-05,fail,Violation in Payroll Reporting
AUD001004,EMP005129,REG001753,2023-08-22,pass,
AUD001005,EMP001604,REG001355,2024-12-31,pass,
AUD001006,EMP002230,REG000083,2024-04-14,pass,
AUD001007,EMP000361,REG001714,2024-10-31,pass,
AUD001008,EMP004103,REG000612,2024-05-10,fail,Violation in Minimum Wage
AUD001009,EMP005428,REG002433,2025-02-16,fail,Violation in Income Tax
AUD001010,EMP001934,REG001731,2023-10-23,pass,
AUD001011,EMP003521,REG000732,2024-01-02,pass,
AUD001012,EMP002954,REG002791,2024-03-31,pass,
AUD001013,EMP006010,REG002884,2023-09-15,fail,Violation in Social Security
AUD001014,EMP005015,REG000352,2023-06-10,fail,Violation in Payroll Reporting
AUD001015,EMP006337,REG001201,2023-11-26,fail,Violation in Minimum Wage
AUD001016,EMP001604,REG001378,2023-07-11,pass,
AUD001017,EMP000550,REG000852,2024-11-20,pass,
AUD001018,EMP005711,REG002770,2023-08-13,fail,Violation in Income Tax
AUD001019,EMP006071,REG001917,2024-02-08,fail,Violation in Minimum Wage
AUD001020,EMP003301,REG001704,2023-11-29,pass,
AUD001021,EMP001280,REG000715,2024-04-04,pass,
AUD001022,EMP005230,REG002734,2023-06-14,pass,
AUD001023,EMP003065,REG001130,2024-05-31,fail,Violation in Minimum Wage
AUD001024,EMP006188,REG002469,2024-01-30,pass,
AUD001025,EMP003685,REG001872,2024-05-12,pass,
AUD001026,EMP001739,REG001019,2023-09-04,fail,Violation in Income Tax
AUD001027,EMP003245,REG001595,2023-10-13,pass,
AUD001028,EMP004474,REG000950,2024-03-28,fail,Violation in Payroll Reporting
AUD001029,EMP004867,REG000535,2023-11-10,fail,Violation in Overtime Pay
AUD001030,EMP003561,REG000555,2024-10-29,pass,
AUD001031,EMP000365,REG000607,2024-05-29,fail,Violation in Income Tax
AUD001032,EMP000332,REG002582,2025-04-25,pass,
AUD001033,EMP002249,REG000131,2024-01-22,pass,
AUD001034,EMP003684,REG002428,2025-03-05,pass,
AUD001035,EMP006566,REG002191,2024-02-14,pass,
AUD001036,EMP000819,REG000147,2023-08-13,pass,
AUD001037,EMP006352,REG000593,2024-04-02,fail,Violation in Social Security
AUD001038,EMP006595,REG001161,2024-12-23,fail,Violation in Income Tax
AUD001039,EMP006818,REG002862,2025-02-25,fail,Violation in Social Security
AUD001040,EMP001662,REG000905,2025-04-29,pass,
AUD001041,EMP003015,REG001774,2023-06-06,pass,
AUD001042,EMP005329,REG001438,2025-01-05,fail,Violation in Minimum Wage
AUD001043,EMP002625,REG001234,2023-07-25,pass,
AUD001044,EMP004049,REG001905,2024-06-16,pass,
AUD001045,EMP006694,REG002819,2024-08-27,fail,Violation in Payroll Reporting
AUD001046,EMP000819,REG000908,2024-10-02,pass,
AUD001047,EMP002092,REG000094,2023-11-03,pass,
AUD001048,EMP000269,REG000699,2023-11-20,fail,Violation in Social Security
AUD001049,EMP004701,REG000998,2025-01-09,fail,Violation in Income Tax
AUD001050,EMP006874,REG001710,2024-03-28,pass,
AUD001051,EMP004366,REG001110,2024-03-30,fail,Violation in Minimum Wage
AUD001052,EMP000313,REG000262,2023-11-13,pass,
AUD001053,EMP001190,REG002715,2024-04-28,fail,Violation in Employee Benefits
AUD001054,EMP006114,REG001290,2024-12-30,pass,
AUD001055,EMP005496,REG002733,2025-01-17,fail,Violation in Income Tax
AUD001056,EMP003047,REG002332,2025-05-23,fail,Violation in Minimum Wage
AUD001057,EMP001117,REG001173,2024-09-05,fail,Violation in Payroll Reporting
AUD001058,EMP000664,REG002949,2023-09-22,pass,
AUD001059,EMP005796,REG000986,2025-02-14,fail,Violation in Employee Benefits
AUD001060,EMP002546,REG000902,2024-04-19,pass,
AUD001061,EMP005209,REG001401,2024-01-12,pass,
AUD001062,EMP004362,REG002846,2024-04-18,fail,Violation in Social Security
AUD001063,EMP000595,REG001902,2024-06-22,pass,
AUD001064,EMP005811,REG001359,2023-07-24,fail,Violation in Employee Benefits
AUD001065,EMP004023,REG002566,2024-06-09,pass,
AUD001066,EMP003972,REG002243,2025-03-15,pass,
AUD001067,EMP005059,REG000827,2023-09-29,pass,
AUD001068,EMP002833,REG002095,2023-08-28,pass,
AUD001069,EMP006846,REG001733,2024-09-08,fail,Violation in Overtime Pay
AUD001070,EMP000045,REG001240,2024-02-22,fail,Violation in Social Security
AUD001071,EMP005866,REG000980,2024-04-19,pass,
AUD001072,EMP000090,REG001362,2024-04-15,pass,
AUD001073,EMP002049,REG001425,2024-12-06,pass,
AUD001074,EMP002962,REG002771,2024-06-06,pass,
AUD001075,EMP005657,REG001969,2024-09-07,fail,Violation in Income Tax
AUD001076,EMP002397,REG001388,2023-07-13,pass,
AUD001077,EMP001958,REG002346,2023-10-13,pass,
AUD001078,EMP000912,REG001539,2025-04-21,pass,
AUD001079,EMP001169,REG000084,2023-09-25,pass,
AUD001080,EMP000164,REG000256,2024-07-22,pass,
AUD001081,EMP006479,REG000042,2025-01-22,pass,
AUD001082,EMP004974,REG000542,2023-10-22,pass,
AUD001083,EMP000951,REG001758,2025-01-14,pass,
AUD001084,EMP004026,REG001687,2024-01-27,fail,Violation in Income Tax
AUD001085,EMP004678,REG002600,2024-02-11,fail,Violation in Minimum Wage
AUD001086,EMP001378,REG000389,2023-12-08,fail,Violation in Social Security
AUD001087,EMP001760,REG001283,2025-01-05,fail,Violation in Employee Benefits
AUD001088,EMP006057,REG001361,2024-05-15,pass,
AUD001089,EMP000486,REG001615,2025-04-03,pass,
AUD001090,EMP002467,REG001325,2023-11-10,fail,Violation in Minimum Wage
AUD001091,EMP002757,REG001832,2024-12-18,pass,
AUD001092,EMP006494,REG002564,2024-12-25,pass,
AUD001093,EMP001877,REG002981,2024-01-03,pass,
AUD001094,EMP004327,REG002580,2024-02-09,pass,
AUD001095,EMP003228,REG000395,2024-02-08,pass,
AUD001096,EMP003745,REG000432,2025-02-26,fail,Violation in Employee Benefits
AUD001097,EMP005604,REG002564,2024-08-24,pass,
AUD001098,EMP004018,REG001049,2024-10-22,pass,
AUD001099,EMP003969,REG000644,2025-03-13,fail,Violation in Income Tax
AUD001100,EMP003119,REG001155,2024-05-28,fail,Violation in Overtime Pay
AUD001101,EMP002811,REG001516,2024-10-28,pass,
AUD001102,EMP004374,REG001550,2023-07-14,fail,Violation in Minimum Wage
AUD001103,EMP006674,REG002477,2024-12-30,fail,Violation in Overtime Pay
AUD001104,EMP001758,REG002938,2023-12-06,fail,Violation in Employee Benefits
AUD001105,EMP001451,REG000264,2024-09-04,pass,
AUD001106,EMP001366,REG000914,2024-02-01,pass,
AUD001107,EMP006261,REG000786,2023-11-02,pass,
AUD001108,EMP003944,REG000299,2024-08-19,fail,Violation in Minimum Wage
AUD001109,EMP004993,REG001325,2024-01-30,pass,
AUD001110,EMP001151,REG002468,2024-09-20,fail,Violation in Minimum Wage
AUD001111,EMP000232,REG000829,2024-05-06,fail,Violation in Social Security
AUD001112,EMP002888,REG001565,2025-04-28,fail,Violation in Employee Benefits
AUD001113,EMP005055,REG000923,2024-11-10,fail,Violation in Employee Benefits
AUD001114,EMP003004,REG002906,2023-11-12,pass,
AUD001115,EMP001355,REG001154,2023-12-21,pass,
AUD001116,EMP000988,REG000135,2024-02-05,pass,
AUD001117,EMP004131,REG001798,2023-09-15,fail,Violation in Payroll Reporting
AUD001118,EMP005904,REG002583,2024-06-29,pass,
AUD001119,EMP006699,REG001591,2024-09-13,pass,
AUD001120,EMP002073,REG001158,2024-04-22,pass,
AUD001121,EMP003880,REG001049,2025-04-10,fail,Violation in Employee Benefits
AUD001122,EMP005208,REG001311,2025-04-03,pass,
AUD001123,EMP004802,REG001307,2024-04-14,fail,Violation in Income Tax
AUD001124,EMP004074,REG000415,2025-05-23,pass,
AUD001125,EMP005914,REG001024,2024-01-30,pass,
AUD001126,EMP002426,REG000234,2023-08-22,fail,Violation in Employee Benefits
AUD001127,EMP001227,REG000368,2024-05-10,fail,Violation in Social Security
AUD001128,EMP003351,REG000510,2024-07-04,pass,
AUD001129,EMP001774,REG001941,2024-12-08,fail,Violation in Social Security
AUD001130,EMP003586,REG000946,2025-03-07,pass,
AUD001131,EMP003867,REG000279,2025-04-17,pass,
AUD001132,EMP006288,REG001880,2025-01-28,fail,Violation in Employee Benefits
AUD001133,EMP002843,REG001970,2024-12-21,pass,
AUD001134,EMP002382,REG002675,2025-05-06,pass,
AUD001135,EMP002172,REG000607,2023-07-26,fail,Violation in Income Tax
AUD001136,EMP003795,REG002299,2024-08-04,pass,
AUD001137,EMP004573,REG000269,2025-01-12,fail,Violation in Minimum Wage
AUD001138,EMP002062,REG002689,2025-01-30,pass,
AUD001139,EMP001179,REG000942,2024-10-27,fail,Violation in Employee Benefits
AUD001140,EMP003392,REG001774,2024-06-09,pass,
AUD001141,EMP004361,REG002007,2023-11-30,pass,
AUD001142,EMP005233,REG001262,2024-02-28,pass,
AUD001143,EMP004861,REG000004,2024-10-29,pass,
AUD001144,EMP006287,REG002368,2024-02-22,fail,Violation in Social Security
AUD001145,EMP002597,REG002400,2024-12-20,fail,Violation in Payroll Reporting
AUD001146,EMP003056,REG001938,2023-06-29,fail,Violation in Overtime Pay
AUD001147,EMP004763,REG000912,2023-06-05,fail,Violation in Minimum Wage
AUD001148,EMP000145,REG002500,2023-07-28,fail,Violation in Employee Benefits
AUD001149,EMP001559,REG001143,2024-09-09,fail,Violation in Payroll Reporting
AUD001150,EMP006813,REG001120,2024-09-02,fail,Violation in Payroll Reporting
AUD001151,EMP002363,REG001006,2024-08-29,fail,Violation in Minimum Wage
AUD001152,EMP006190,REG001105,2024-01-12,fail,Violation in Minimum Wage
AUD001153,EMP000919,REG000863,2024-05-09,pass,
AUD001154,EMP002392,REG001915,2023-08-04,pass,
AUD001155,EMP000434,REG002670,2024-12-14,pass,
AUD001156,EMP005315,REG000330,2025-04-22,fail,Violation in Income Tax
AUD001157,EMP004345,REG001011,2025-03-20,pass,
AUD001158,EMP002107,REG000843,2024-03-10,fail,Violation in Overtime Pay
AUD001159,EMP001777,REG000756,2023-10-12,pass,
AUD001160,EMP000542,REG000256,2023-06-18,pass,
AUD001161,EMP003306,REG001952,2023-07-01,fail,Violation in Overtime Pay
AUD001162,EMP004072,REG001678,2024-02-04,fail,Violation in Payroll Reporting
AUD001163,EMP002164,REG001388,2023-05-30,pass,
AUD001164,EMP003242,REG002158,2025-04-18,fail,Violation in Payroll Reporting
AUD001165,EMP001866,REG001679,2024-04-25,pass,
AUD001166,EMP000814,REG001945,2025-01-26,pass,
AUD001167,EMP004262,REG001445,2024-09-23,fail,Violation in Payroll Reporting
AUD001168,EMP000378,REG000771,2023-06-05,fail,Violation in Payroll Reporting
AUD001169,EMP006592,REG001666,2024-06-29,pass,
AUD001170,EMP005059,REG001191,2023-11-06,pass,
AUD001171,EMP002183,REG002043,2025-01-13,fail,Violation in Income Tax
AUD001172,EMP003894,REG001065,2024-09-03,fail,Violation in Overtime Pay
AUD001173,EMP001793,REG001963,2025-04-08,fail,Violation in Payroll Reporting
AUD001174,EMP001342,REG000509,2024-04-26,fail,Violation in Social Security
AUD001175,EMP002384,REG000912,2023-12-06,fail,Violation in Minimum Wage
AUD001176,EMP001093,REG002235,2025-01-11,fail,Violation in Payroll Reporting
AUD001177,EMP006924,REG000374,2024-07-01,pass,
AUD001178,EMP003354,REG002396,2024-04-06,pass,
AUD001179,EMP000735,REG001034,2024-08-07,fail,Violation in Income Tax
AUD001180,EMP000535,REG002820,2023-12-04,pass,
AUD001181,EMP003378,REG002239,2023-08-22,fail,Violation in Social Security
AUD001182,EMP001792,REG000940,2024-12-09,pass,
AUD001183,EMP000985,REG002206,2024-09-11,fail,Violation in Overtime Pay
AUD001184,EMP002856,REG001293,2025-03-23,pass,
AUD001185,EMP002445,REG001289,2023-06-09,fail,Violation in Income Tax
AUD001186,EMP003925,REG000901,2025-04-12,pass,
AUD001187,EMP006291,REG001337,2024-12-05,fail,Violation in Employee Benefits
AUD001188,EMP001847,REG001025,2023-06-28,fail,Violation in Overtime Pay
AUD001189,EMP005991,REG001950,2023-08-16,fail,Violation in Payroll Reporting
AUD001190,EMP004900,REG000521,2024-11-04,fail,Violation in Payroll Reporting
AUD001191,EMP001127,REG002422,2023-07-13,fail,Violation in Social Security
AUD001192,EMP001231,REG001309,2024-07-13,pass,
AUD001193,EMP004715,REG002220,2025-01-20,pass,
AUD001194,EMP006170,REG002087,2024-01-01,pass,
AUD001195,EMP000316,REG000180,2024-05-30,fail,Violation in Employee Benefits
AUD001196,EMP004829,REG002609,2024-12-31,pass,
AUD001197,EMP001702,REG001294,2024-07-24,pass,
AUD001198,EMP003882,REG002528,2023-11-09,fail,Violation in Income Tax
AUD001199,EMP006183,REG000925,2023-06-05,fail,Violation in Overtime Pay
AUD001200,EMP003430,REG001127,2024-05-01,pass,
AUD001201,EMP000608,REG000619,2024-09-14,fail,Violation in Minimum Wage
AUD001202,EMP004539,REG000546,2023-08-31,fail,Violation in Income Tax
AUD001203,EMP001163,REG002093,2023-10-03,fail,Violation in Employee Benefits
AUD001204,EMP003586,REG001099,2024-03-31,fail,Violation in Social Security
AUD001205,EMP006060,REG000603,2025-02-17,pass,
AUD001206,EMP002893,REG002441,2023-06-22,pass,
AUD001207,EMP002448,REG001428,2023-10-16,fail,Violation in Employee Benefits
AUD001208,EMP004287,REG001807,2024-09-24,pass,
AUD001209,EMP000301,REG001537,2023-07-28,fail,Violation in Minimum Wage
AUD001210,EMP005051,REG001508,2024-01-20,fail,Violation in Social Security
AUD001211,EMP006206,REG000803,2024-01-12,pass,
AUD001212,EMP006987,REG002145,2024-11-28,pass,
AUD001213,EMP003178,REG002131,2024-01-20,pass,
AUD001214,EMP005988,REG000212,2024-02-02,fail,Violation in Payroll Reporting
AUD001215,EMP004697,REG000697,2024-07-26,fail,Violation in Social Security
AUD001216,EMP004421,REG002005,2023-10-01,pass,
AUD001217,EMP005303,REG002423,2023-08-03,fail,Violation in Employee Benefits
AUD001218,EMP003710,REG002423,2024-09-22,pass,
AUD001219,EMP005107,REG001839,2023-10-10,fail,Violation in Overtime Pay
AUD001220,EMP001886,REG002120,2023-11-16,pass,
AUD001221,EMP003892,REG001148,2023-11-06,fail,Violation in Employee Benefits
AUD001222,EMP000093,REG000098,2023-09-04,fail,Violation in Payroll Reporting
AUD001223,EMP002959,REG002024,2023-11-09,pass,
AUD001224,EMP002103,REG000040,2024-07-26,fail,Violation in Minimum Wage
AUD001225,EMP000935,REG000995,2023-06-15,pass,
AUD001226,EMP006396,REG002811,2024-11-15,pass,
AUD001227,EMP000800,REG000312,2024-12-31,fail,Violation in Overtime Pay
AUD001228,EMP002599,REG000824,2024-03-05,pass,
AUD001229,EMP000036,REG002447,2023-09-22,pass,
AUD001230,EMP004073,REG002248,2024-07-17,fail,Violation in Minimum Wage
AUD001231,EMP001012,REG002497,2024-05-02,pass,
AUD001232,EMP003061,REG002104,2023-08-30,pass,
AUD001233,EMP003393,REG002186,2025-05-05,fail,Violation in Overtime Pay
AUD001234,EMP000328,REG000873,2024-08-03,pass,
AUD001235,EMP001074,REG002992,2023-07-15,pass,
AUD001236,EMP001185,REG000843,2023-12-14,pass,
AUD001237,EMP005565,REG001768,2024-05-27,fail,Violation in Income Tax
AUD001238,EMP006889,REG002022,2025-05-01,fail,Violation in Minimum Wage
AUD001239,EMP000683,REG002235,2023-10-30,fail,Violation in Payroll Reporting
AUD001240,EMP000757,REG002683,2023-06-08,fail,Violation in Minimum Wage
AUD001241,EMP004600,REG002026,2024-11-07,fail,Violation in Payroll Reporting
AUD001242,EMP003352,REG000822,2025-02-25,fail,Violation in Employee Benefits
AUD001243,EMP002907,REG002357,2024-07-06,pass,
AUD001244,EMP002447,REG001300,2024-04-09,pass,
AUD001245,EMP001614,REG000859,2024-06-30,pass,
AUD001246,EMP005517,REG002763,2024-10-05,fail,Violation in Social Security
AUD001247,EMP000207,REG000594,2023-06-18,pass,
AUD001248,EMP006343,REG001990,2024-04-12,pass,
AUD001249,EMP003728,REG002127,2024-06-07,fail,Violation in Income Tax
AUD001250,EMP004718,REG002985,2024-11-23,fail,Violation in Social Security
AUD001251,EMP003668,REG002234,2024-10-18,fail,Violation in Employee Benefits
AUD001252,EMP001372,REG002124,2025-05-15,pass,
AUD001253,EMP006866,REG001557,2024-08-09,fail,Violation in Social Security
AUD001254,EMP000452,REG002184,2025-05-18,pass,
AUD001255,EMP005919,REG001632,2023-08-05,fail,Violation in Income Tax
AUD001256,EMP003837,REG000958,2023-09-01,pass,
AUD001257,EMP006166,REG002963,2023-05-29,pass,
AUD001258,EMP003549,REG001281,2024-07-05,fail,Violation in Minimum Wage
AUD001259,EMP005634,REG001883,2023-05-29,pass,
AUD001260,EMP004810,REG001951,2023-08-01,fail,Violation in Income Tax
AUD001261,EMP005872,REG002879,2023-10-01,fail,Violation in Payroll Reporting
AUD001262,EMP003861,REG000621,2023-09-28,pass,
AUD001263,EMP005747,REG002081,2023-09-26,fail,Violation in Employee Benefits
AUD001264,EMP004428,REG000228,2025-04-16,fail,Violation in Payroll Reporting
AUD001265,EMP001903,REG000598,2023-08-04,pass,
AUD001266,EMP000235,REG000390,2024-01-03,fail,Violation in Overtime Pay
AUD001267,EMP004661,REG002581,2023-08-14,fail,Violation in Social Security
AUD001268,EMP003290,REG001946,2024-05-27,pass,
AUD001269,EMP000429,REG000901,2024-11-12,pass,
AUD001270,EMP000112,REG000122,2023-06-04,pass,
AUD001271,EMP005643,REG002086,2024-04-29,fail,Violation in Employee Benefits
AUD001272,EMP006332,REG000665,2024-04-11,pass,
AUD001273,EMP004191,REG000874,2023-08-09,pass,
AUD001274,EMP002033,REG001663,2023-11-04,fail,Violation in Employee Benefits
AUD001275,EMP001480,REG000696,2023-12-29,pass,
AUD001276,EMP004935,REG001435,2023-08-13,pass,
AUD001277,EMP001353,REG001335,2024-04-16,fail,Violation in Payroll Reporting
AUD001278,EMP005362,REG001958,2024-05-27,pass,
AUD001279,EMP005188,REG002994,2025-04-15,pass,
AUD001280,EMP001211,REG000109,2024-07-29,pass,
AUD001281,EMP002957,REG001307,2025-03-15,pass,
AUD001282,EMP004726,REG001227,2025-01-30,pass,
AUD001283,EMP000653,REG001042,2024-08-17,fail,Violation in Payroll Reporting
AUD001284,EMP002730,REG001296,2024-04-09,fail,Violation in Social Security
AUD001285,EMP001304,REG001693,2024-04-03,fail,Violation in Employee Benefits
AUD001286,EMP000799,REG002428,2024-10-27,fail,Violation in Income Tax
AUD001287,EMP002617,REG002014,2023-12-23,pass,
AUD001288,EMP003455,REG001497,2024-08-28,fail,Violation in Overtime Pay
AUD001289,EMP000213,REG002859,2024-01-30,pass,
AUD001290,EMP003339,REG000849,2024-07-10,fail,Violation in Overtime Pay
AUD001291,EMP003037,REG002339,2023-09-25,pass,
AUD001292,EMP000486,REG000972,2024-10-24,pass,
AUD001293,EMP002349,REG000878,2024-04-18,pass,
AUD001294,EMP003320,REG000494,2023-08-11,fail,Violation in Overtime Pay
AUD001295,EMP001936,REG000891,2024-01-17,fail,Violation in Income Tax
AUD001296,EMP004329,REG001372,2024-06-22,fail,Violation in Overtime Pay
AUD001297,EMP000320,REG002782,2025-02-12,pass,
AUD001298,EMP003395,REG000550,2024-07-02,pass,
AUD001299,EMP001827,REG002448,2024-02-03,pass,
AUD001300,EMP000490,REG001307,2024-08-21,fail,Violation in Income Tax
AUD001301,EMP004739,REG000274,2023-12-29,fail,Violation in Income Tax
AUD001302,EMP000787,REG000559,2023-12-29,pass,
AUD001303,EMP005403,REG002038,2024-03-19,fail,Violation in Minimum Wage
AUD001304,EMP003472,REG002495,2024-06-25,pass,
AUD001305,EMP003153,REG002474,2023-10-25,fail,Violation in Overtime Pay
AUD001306,EMP004216,REG001607,2024-04-18,pass,
AUD001307,EMP001551,REG002886,2024-02-06,pass,
AUD001308,EMP001165,REG002325,2024-01-26,fail,Violation in Overtime Pay
AUD001309,EMP005061,REG000173,2025-01-20,fail,Violation in Employee Benefits
AUD001310,EMP001565,REG002628,2024-07-10,fail,Violation in Payroll Reporting
AUD001311,EMP002726,REG000419,2024-08-12,fail,Violation in Overtime Pay
AUD001312,EMP001738,REG001169,2024-07-03,pass,
AUD001313,EMP006857,REG002287,2024-09-06,pass,
AUD001314,EMP001883,REG002989,2023-07-08,fail,Violation in Payroll Reporting
AUD001315,EMP005996,REG002546,2024-02-10,pass,
AUD001316,EMP001900,REG002655,2025-03-31,pass,
AUD001317,EMP000250,REG001280,2024-12-04,pass,
AUD001318,EMP002098,REG000974,2024-09-26,pass,
AUD001319,EMP005348,REG002365,2024-05-22,fail,Violation in Social Security
AUD001320,EMP005207,REG001520,2025-05-04,pass,
AUD001321,EMP006431,REG000048,2023-12-05,fail,Violation in Minimum Wage
AUD001322,EMP006272,REG000724,2023-09-05,pass,
AUD001323,EMP006668,REG000663,2024-09-04,pass,
AUD001324,EMP000274,REG002693,2025-04-03,fail,Violation in Overtime Pay
AUD001325,EMP002984,REG002819,2024-08-06,fail,Violation in Payroll Reporting
AUD001326,EMP001425,REG000979,2024-07-28,pass,
AUD001327,EMP002126,REG002812,2023-07-29,pass,
AUD001328,EMP005042,REG001160,2025-01-15,fail,Violation in Income Tax
AUD001329,EMP001369,REG000430,2023-09-26,pass,
AUD001330,EMP002332,REG002253,2024-11-12,fail,Violation in Social Security
AUD001331,EMP003250,REG002667,2023-11-21,fail,Violation in Payroll Reporting
AUD001332,EMP003984,REG001084,2025-03-02,pass,
AUD001333,EMP005748,REG001582,2023-08-13,pass,
AUD001334,EMP005802,REG001256,2025-01-05,pass,
AUD001335,EMP002730,REG001964,2024-06-28,pass,
AUD001336,EMP003738,REG000955,2024-10-07,pass,
AUD001337,EMP001454,REG001431,2023-09-22,pass,
AUD001338,EMP001225,REG000610,2024-02-08,fail,Violation in Income Tax
AUD001339,EMP004689,REG000777,2024-03-12,fail,Violation in Employee Benefits
AUD001340,EMP003880,REG001934,2024-11-02,pass,
AUD001341,EMP003788,REG001403,2025-01-09,pass,
AUD001342,EMP001871,REG001626,2024-07-24,pass,
AUD001343,EMP005798,REG000193,2024-03-12,pass,
AUD001344,EMP006299,REG001677,2024-03-04,fail,Violation in Overtime Pay
AUD001345,EMP004265,REG001340,2023-12-14,pass,
AUD001346,EMP003677,REG000774,2023-08-23,fail,Violation in Employee Benefits
AUD001347,EMP001722,REG001308,2023-11-02,pass,
AUD001348,EMP003203,REG002689,2024-08-24,fail,Violation in Payroll Reporting
AUD001349,EMP006635,REG001693,2023-09-13,fail,Violation in Employee Benefits
AUD001350,EMP000957,REG001096,2023-10-31,pass,
AUD001351,EMP003144,REG000974,2025-02-17,pass,
AUD001352,EMP006994,REG000515,2024-03-14,fail,Violation in Overtime Pay
AUD001353,EMP000449,REG002693,2024-11-21,pass,
AUD001354,EMP001077,REG002691,2024-04-11,pass,
AUD001355,EMP000367,REG000769,2024-07-19,pass,
AUD001356,EMP000618,REG001107,2024-10-03,pass,
AUD001357,EMP003806,REG000201,2023-09-05,fail,Violation in Income Tax
AUD001358,EMP005469,REG001635,2023-12-09,pass,
AUD001359,EMP001774,REG002716,2024-04-02,fail,Violation in Payroll Reporting
AUD001360,EMP000131,REG002665,2024-10-25,pass,
AUD001361,EMP005074,REG001502,2023-07-24,pass,
AUD001362,EMP000285,REG002068,2023-10-04,pass,
AUD001363,EMP004127,REG002206,2024-03-18,pass,
AUD001364,EMP006320,REG001399,2025-02-13,fail,Violation in Overtime Pay
AUD001365,EMP001011,REG000688,2024-09-18,fail,Violation in Minimum Wage
AUD001366,EMP006768,REG000655,2024-03-23,fail,Violation in Minimum Wage
AUD001367,EMP005520,REG000753,2025-03-28,fail,Violation in Income Tax
AUD001368,EMP002729,REG002005,2024-08-20,fail,Violation in Social Security
AUD001369,EMP005115,REG001180,2024-10-09,pass,
AUD001370,EMP003108,REG000181,2023-08-25,pass,
AUD001371,EMP003873,REG002623,2023-09-23,fail,Violation in Employee Benefits
AUD001372,EMP001607,REG001499,2024-10-10,fail,Violation in Social Security
AUD001373,EMP006677,REG002147,2024-07-26,fail,Violation in Payroll Reporting
AUD001374,EMP005888,REG002264,2024-04-14,pass,
AUD001375,EMP001091,REG002968,2024-04-15,pass,
AUD001376,EMP003344,REG002913,2024-05-21,fail,Violation in Minimum Wage
AUD001377,EMP002604,REG000788,2024-05-17,pass,
AUD001378,EMP000863,REG000213,2024-01-02,fail,Violation in Social Security
AUD001379,EMP001737,REG000315,2023-07-12,fail,Violation in Social Security
AUD001380,EMP000900,REG001716,2024-12-31,fail,Violation in Income Tax
AUD001381,EMP006629,REG002128,2024-07-25,fail,Violation in Employee Benefits
AUD001382,EMP005874,REG002942,2023-09-15,fail,Violation in Social Security
AUD001383,EMP005024,REG002234,2023-06-23,pass,
AUD001384,EMP001728,REG001301,2024-04-22,pass,
AUD001385,EMP000929,REG000606,2024-10-04,pass,
AUD001386,EMP005176,REG002645,2024-07-22,pass,
AUD001387,EMP000070,REG001383,2023-06-23,pass,
AUD001388,EMP006972,REG001260,2025-04-16,fail,Violation in Social Security
AUD001389,EMP005133,REG000991,2024-11-07,fail,Violation in Employee Benefits
AUD001390,EMP003694,REG001998,2024-12-23,fail,Violation in Social Security
AUD001391,EMP005643,REG001759,2023-12-04,fail,Violation in Payroll Reporting
AUD001392,EMP002911,REG000198,2024-06-06,fail,Violation in Minimum Wage
AUD001393,EMP002646,REG001360,2025-01-14,fail,Violation in Employee Benefits
AUD001394,EMP004920,REG002655,2025-04-01,pass,
AUD001395,EMP003170,REG002795,2023-08-20,pass,
AUD001396,EMP002506,REG001438,2024-08-09,fail,Violation in Minimum Wage
AUD001397,EMP004219,REG002785,2023-08-03,fail,Violation in Payroll Reporting
AUD001398,EMP005091,REG002522,2024-08-09,fail,Violation in Overtime Pay
AUD001399,EMP006286,REG001344,2025-01-31,pass,
AUD001400,EMP003240,REG000211,2024-06-08,pass,
AUD001401,EMP006458,REG002125,2025-02-24,pass,
AUD001402,EMP004678,REG001890,2023-09-05,fail,Violation in Payroll Reporting
AUD001403,EMP000397,REG001687,2024-11-23,pass,
AUD001404,EMP000862,REG002998,2025-03-10,pass,
AUD001405,EMP001534,REG000014,2024-03-14,fail,Violation in Social Security
AUD001406,EMP003808,REG002563,2025-04-02,pass,
AUD001407,EMP000418,REG002567,2024-01-14,pass,
AUD001408,EMP002701,REG001206,2024-02-09,pass,
AUD001409,EMP001333,REG002694,2024-11-21,pass,
AUD001410,EMP001693,REG001024,2024-11-02,fail,Violation in Income Tax
AUD001411,EMP006533,REG002216,2025-02-10,fail,Violation in Social Security
AUD001412,EMP000496,REG001687,2023-07-17,pass,
AUD001413,EMP004623,REG002779,2024-06-26,pass,
AUD001414,EMP002895,REG001141,2024-03-02,fail,Violation in Employee Benefits
AUD001415,EMP000828,REG000666,2023-06-15,fail,Violation in Income Tax
AUD001416,EMP004816,REG000526,2025-03-05,pass,
AUD001417,EMP001175,REG002036,2023-10-17,pass,
AUD001418,EMP002036,REG000789,2024-04-29,fail,Violation in Employee Benefits
AUD001419,EMP004260,REG002930,2024-04-16,fail,Violation in Employee Benefits
AUD001420,EMP006312,REG000065,2024-11-01,fail,Violation in Overtime Pay
AUD001421,EMP006208,REG000418,2024-07-31,fail,Violation in Social Security
AUD001422,EMP001415,REG002328,2024-10-13,fail,Violation in Minimum Wage
AUD001423,EMP001452,REG000715,2023-12-13,pass,
AUD001424,EMP001054,REG000584,2023-07-04,pass,
AUD001425,EMP006098,REG001511,2023-09-06,fail,Violation in Income Tax
AUD001426,EMP005336,REG001571,2024-05-23,fail,Violation in Minimum Wage
AUD001427,EMP005300,REG002873,2023-11-28,fail,Violation in Payroll Reporting
AUD001428,EMP000126,REG000674,2025-03-02,fail,Violation in Minimum Wage
AUD001429,EMP006197,REG002051,2023-06-04,pass,
AUD001430,EMP000149,REG000438,2024-04-28,fail,Violation in Minimum Wage
AUD001431,EMP006815,REG002793,2025-02-27,pass,
AUD001432,EMP000028,REG002469,2024-12-20,pass,
AUD001433,EMP002021,REG002458,2024-05-20,fail,Violation in Social Security
AUD001434,EMP005556,REG002621,2024-12-09,pass,
AUD001435,EMP000121,REG002963,2024-07-19,fail,Violation in Income Tax
AUD001436,EMP000780,REG001523,2023-10-18,fail,Violation in Payroll Reporting
AUD001437,EMP000085,REG002553,2024-05-20,pass,
AUD001438,EMP004042,REG000944,2024-04-21,pass,
AUD001439,EMP002520,REG000221,2023-09-22,pass,
AUD001440,EMP005200,REG000900,2023-10-10,fail,Violation in Social Security
AUD001441,EMP000074,REG001356,2025-03-03,fail,Violation in Employee Benefits
AUD001442,EMP000167,REG000546,2023-07-07,pass,
AUD001443,EMP000617,REG002077,2024-08-26,fail,Violation in Minimum Wage
AUD001444,EMP003479,REG001027,2024-07-13,fail,Violation in Social Security
AUD001445,EMP001638,REG001934,2025-01-24,pass,
AUD001446,EMP002243,REG001558,2024-02-13,fail,Violation in Social Security
AUD001447,EMP006751,REG000143,2023-10-24,pass,
AUD001448,EMP001281,REG000083,2023-07-05,fail,Violation in Payroll Reporting
AUD001449,EMP001956,REG000398,2024-02-06,pass,
AUD001450,EMP004332,REG002094,2024-09-09,fail,Violation in Minimum Wage
AUD001451,EMP003505,REG002385,2025-03-01,fail,Violation in Social Security
AUD001452,EMP002828,REG001868,2024-11-18,fail,Violation in Minimum Wage
AUD001453,EMP003271,REG002511,2023-11-30,pass,
AUD001454,EMP003135,REG001204,2024-12-10,pass,
AUD001455,EMP006255,REG000763,2025-02-14,pass,
AUD001456,EMP004658,REG001670,2023-07-03,pass,
AUD001457,EMP003329,REG002860,2025-03-18,fail,Violation in Employee Benefits
AUD001458,EMP001561,REG000432,2024-06-27,pass,
AUD001459,EMP005634,REG002747,2024-05-21,fail,Violation in Minimum Wage
AUD001460,EMP006658,REG000163,2024-03-11,pass,
AUD001461,EMP006194,REG001497,2023-11-26,fail,Violation in Overtime Pay
AUD001462,EMP000925,REG002564,2024-08-26,fail,Violation in Income Tax
AUD001463,EMP000465,REG000857,2024-06-30,fail,Violation in Overtime Pay
AUD001464,EMP005713,REG001341,2024-06-19,pass,
AUD001465,EMP002183,REG002041,2024-04-08,fail,Violation in Payroll Reporting
AUD001466,EMP004408,REG001182,2024-01-07,pass,
AUD001467,EMP002497,REG002125,2024-02-04,fail,Violation in Employee Benefits
AUD001468,EMP001291,REG001615,2024-03-11,pass,
AUD001469,EMP004162,REG002723,2024-12-10,pass,
AUD001470,EMP001947,REG000663,2024-10-03,fail,Violation in Employee Benefits
AUD001471,EMP005180,REG000911,2024-08-13,fail,Violation in Payroll Reporting
AUD001472,EMP006834,REG002210,2023-08-31,fail,Violation in Income Tax
AUD001473,EMP005886,REG002450,2023-10-20,fail,Violation in Income Tax
AUD001474,EMP001744,REG000757,2024-04-01,pass,
AUD001475,EMP004031,REG000731,2024-11-25,fail,Violation in Payroll Reporting
AUD001476,EMP004844,REG000877,2024-05-25,pass,
AUD001477,EMP005318,REG000453,2025-03-04,pass,
AUD001478,EMP001888,REG000712,2023-12-02,fail,Violation in Payroll Reporting
AUD001479,EMP000043,REG002052,2024-08-13,pass,
AUD001480,EMP004235,REG002198,2024-04-06,fail,Violation in Social Security
AUD001481,EMP003311,REG000146,2024-05-24,fail,Violation in Minimum Wage
AUD001482,EMP003245,REG000686,2024-08-20,fail,Violation in Social Security
AUD001483,EMP002066,REG001816,2025-04-13,pass,
AUD001484,EMP003001,REG001907,2024-09-11,fail,Violation in Employee Benefits
AUD001485,EMP005458,REG002774,2025-02-08,pass,
AUD001486,EMP003132,REG000514,2024-04-15,fail,Violation in Overtime Pay
AUD001487,EMP006035,REG000510,2024-06-17,pass,
AUD001488,EMP002265,REG001101,2025-04-22,pass,
AUD001489,EMP001279,REG001646,2023-10-08,pass,
AUD001490,EMP001518,REG001594,2024-03-13,fail,Violation in Payroll Reporting
AUD001491,EMP001386,REG000348,2024-04-20,fail,Violation in Minimum Wage
AUD001492,EMP002213,REG002262,2025-04-17,fail,Violation in Minimum Wage
AUD001493,EMP000389,REG001428,2024-05-18,fail,Violation in Employee Benefits
AUD001494,EMP000477,REG001384,2025-03-06,pass,
AUD001495,EMP002181,REG000536,2024-01-12,fail,Violation in Income Tax
AUD001496,EMP001199,REG002015,2024-09-25,fail,Violation in Payroll Reporting
AUD001497,EMP003073,REG000837,2023-09-30,fail,Violation in Payroll Reporting
AUD001498,EMP000576,REG002056,2023-05-31,pass,
AUD001499,EMP002100,REG002039,2024-12-20,fail,Violation in Social Security
